customer_id,salary_deposits,total_expenses,risk_level
1001,5122,764,low
1002,10167,12880,high
1003,7190,10377,medium
1004,6575,1934,low
1005,9727,5827,low
1006,3797,5597,low
1007,4131,2160,low
1008,9322,12509,medium
1009,8500,6192,medium
1010,2815,2854,medium
1011,12886,8957,low
1012,10634,13433,high
1013,13332,6961,medium
1014,8666,9828,low
1015,2142,7544,low
1016,14479,5997,low
1017,3410,5049,low
1018,14665,6834,low
1019,2534,6510,low
1020,11908,13998,low
1021,5364,5426,medium
1022,3032,10082,low
1023,5342,9804,low
1024,11602,10926,low
1025,8085,11558,low
1026,6500,6565,medium
1027,3172,11760,low
1028,11080,2679,low
1029,13530,5467,low
1030,6517,1134,low
1031,10007,4131,medium
1032,3641,10091,low
1033,2471,13478,low
1034,4940,11431,high
1035,10738,11862,high
1036,6726,10557,medium
1037,13789,13845,low
1038,9670,10647,low
1039,13017,5177,medium
1040,5723,2718,low
1041,2363,1889,low
1042,12358,13571,low
1043,5309,11822,low
1044,2545,4776,high
1045,5240,12806,low
1046,8665,1749,medium
1047,14921,8140,low
1048,3936,11858,low
1049,11154,6212,low
1050,13197,1745,low
1051,13998,8745,high
1052,2882,11602,medium
1053,5840,11088,high
1054,8923,942,medium
1055,11062,7476,low
1056,6611,5175,high
1057,13177,12303,low
1058,11057,8453,low
1059,7204,4877,low
1060,14501,11099,low
1061,9288,7558,low
1062,5203,1322,low
1063,13089,12394,medium
1064,4244,3439,low
1065,2018,7596,low
1066,2641,6265,low
1067,5083,13428,low
1068,7200,1531,medium
1069,10521,10708,low
1070,2865,1062,high
1071,2773,11230,medium
1072,14679,840,low
1073,6732,5067,low
1074,12546,8362,medium
1075,13530,12467,medium
1076,5518,2796,medium
1077,13134,734,medium
1078,8795,5702,low
1079,8984,9808,low
1080,4567,10600,low
1081,3674,10109,medium
1082,12875,13611,medium
1083,13572,1791,low
1084,2739,12180,low
1085,3545,5227,low
1086,14756,12346,low
1087,12451,9220,medium
1088,11327,12016,medium
1089,7127,10672,medium
1090,8947,3439,low
1091,8620,5935,low
1092,11065,7481,medium
1093,6555,5892,medium
1094,12492,10021,low
1095,7645,8472,medium
1096,10943,1733,low
1097,9124,10445,low
1098,11045,3300,low
1099,5732,11625,low
1100,4283,11451,low
1101,11521,3275,low
1102,10669,6544,medium
1103,12918,3987,low
1104,13283,7883,low
1105,8998,4350,high
1106,14422,11219,low
1107,14697,5497,low
1108,7413,1390,medium
1109,3269,6420,low
1110,9868,10757,low
1111,14373,1688,low
1112,4603,6144,low
1113,7961,12989,high
1114,11661,1240,medium
1115,10569,1869,medium
1116,9557,10081,medium
1117,3680,2500,medium
1118,10433,1971,low
1119,11111,2036,medium
1120,7682,818,low
1121,10084,10956,medium
1122,7367,5653,medium
1123,2069,2394,low
1124,5924,12403,low
1125,8200,13511,low
1126,12278,11514,low
1127,4007,8491,medium
1128,10992,13200,medium
1129,10119,9967,low
1130,4779,11775,low
1131,6920,9092,low
1132,2755,6435,low
1133,8495,1223,low
1134,12187,2829,low
1135,7935,9827,high
1136,11513,3270,low
1137,4330,8045,low
1138,7705,5346,medium
1139,10301,767,low
1140,3016,1069,high
1141,9347,11248,high
1142,14057,2473,low
1143,10216,9237,low
1144,6938,3322,low
1145,4838,4960,low
1146,2737,13334,low
1147,8200,770,medium
1148,10371,8141,low
1149,2231,9430,low
1150,3917,7180,low
1151,10534,1757,high
1152,14764,8750,low
1153,7918,5870,low
1154,4623,12873,low
1155,10646,5358,high
1156,14576,9081,low
1157,8401,13991,medium
1158,14817,9410,medium
1159,9072,7499,low
1160,4276,12936,medium
1161,9393,13370,low
1162,10787,620,medium
1163,5874,7408,medium
1164,6530,11344,low
1165,9164,2803,low
1166,6497,5361,medium
1167,12861,3411,low
1168,9933,9491,low
1169,4135,12072,low
1170,8727,10798,low
1171,14156,13809,medium
1172,3565,7736,low
1173,2308,6065,low
1174,10534,7031,low
1175,10627,1609,medium
1176,10368,7429,low
1177,2138,1750,medium
1178,2193,11332,low
1179,5257,8677,high
1180,5235,2149,low
1181,2942,7851,low
1182,6620,6411,low
1183,14071,10037,high
1184,7720,3456,medium
1185,13305,11138,low
1186,13154,6328,medium
1187,8353,5494,medium
1188,6957,12056,low
1189,11145,6936,low
1190,11494,9176,low
1191,5381,8114,low
1192,7839,9494,medium
1193,4880,2215,high
1194,12379,8650,medium
1195,6887,10607,low
1196,2545,3983,low
1197,3927,8175,medium
1198,6152,2257,medium
1199,2004,2309,medium
1200,13673,6039,medium
1201,7533,6548,medium
1202,13445,11699,low
1203,11554,11917,low
1204,12012,12187,medium
1205,7378,11012,medium
1206,8233,10362,low
1207,4663,13307,low
1208,13130,1651,medium
1209,11465,5992,low
1210,5326,7211,low
1211,5659,6802,low
1212,13137,5247,medium
1213,13210,10915,medium
1214,3131,11359,low
1215,6763,8902,medium
1216,8737,11186,low
1217,12828,5181,low
1218,13221,12954,medium
1219,13211,3007,medium
1220,7092,3463,medium
1221,8022,3928,medium
1222,14569,12067,low
1223,5159,7994,low
1224,8159,4455,low
1225,9318,13993,low
1226,10445,4205,low
1227,7307,12097,high
1228,10520,4538,low
1229,12783,9744,medium
1230,13022,1213,medium
1231,5044,7760,medium
1232,11612,11580,low
1233,7636,7511,low
1234,13593,9379,low
1235,4892,9021,low
1236,7288,2246,medium
1237,7812,1707,low
1238,2654,10834,low
1239,7481,1284,medium
1240,2759,3196,low
1241,8782,12512,high
1242,3798,7573,high
1243,7159,5536,high
1244,13163,7627,low
1245,14703,4218,low
1246,13618,6275,high
1247,10446,8410,low
1248,7262,3193,high
1249,5823,1125,high
1250,3876,12926,medium
1251,12949,4208,low
1252,12816,7359,low
1253,8154,9453,medium
1254,9787,8192,low
1255,14313,12671,low
1256,13196,6898,low
1257,6516,7752,high
1258,5734,12221,medium
1259,11436,2055,low
1260,7972,12325,low
1261,8639,9367,medium
1262,7356,4687,high
1263,8380,8267,low
1264,3008,13880,low
1265,6314,536,medium
1266,11702,12528,medium
1267,12151,2287,medium
1268,4508,6783,medium
1269,6758,8560,low
1270,4682,11419,low
1271,9311,8565,medium
1272,2989,13989,medium
1273,14476,4380,medium
1274,10446,6432,high
1275,14355,10586,low
1276,6711,8828,low
1277,8479,6833,medium
1278,8964,6259,medium
1279,10075,6985,medium
1280,6452,11768,medium
1281,10447,5567,medium
1282,3007,12575,low
1283,8496,1161,low
1284,11947,8473,low
1285,9688,6886,low
1286,12763,10502,low
1287,5908,8387,low
1288,13189,914,low
1289,4803,7350,low
1290,13957,9034,low
1291,6379,3229,low
1292,13575,12142,low
1293,2098,12357,medium
1294,10388,12429,low
1295,12721,4397,low
1296,2877,12933,low
1297,3868,13110,medium
1298,4665,2669,low
1299,3388,2378,medium
1300,4415,12662,low
1301,10761,6954,low
1302,4637,13388,low
1303,9242,5070,low
1304,11257,11309,medium
1305,10613,2015,medium
1306,4883,1074,high
1307,3204,13134,low
1308,2544,3367,low
1309,14358,4044,medium
1310,13831,4977,low
1311,3223,571,low
1312,5172,11260,low
1313,10959,12129,low
1314,8450,3480,high
1315,13849,9809,medium
1316,8520,5992,medium
1317,2654,11078,low
1318,8821,12200,low
1319,4446,10051,low
1320,7892,5259,low
1321,10412,10207,low
1322,5666,8584,medium
1323,6277,539,medium
1324,6402,10074,low
1325,4569,10722,high
1326,7515,11313,medium
1327,11205,5873,low
1328,12243,13753,medium
1329,5985,8065,low
1330,10167,2400,low
1331,9448,2717,low
1332,6310,5296,medium
1333,5019,5106,low
1334,5681,1783,low
1335,11635,9275,low
1336,6196,13771,low
1337,13202,9150,medium
1338,2572,10957,medium
1339,11524,11358,low
1340,6753,1315,low
1341,9082,3011,low
1342,6002,746,low
1343,7629,5325,low
1344,13326,7016,low
1345,14278,916,low
1346,10417,13842,medium
1347,6200,13155,medium
1348,3997,7202,low
1349,10963,4217,low
1350,9422,607,medium
1351,6524,11323,low
1352,10625,9530,medium
1353,13291,5013,medium
1354,12921,13608,low
1355,5407,1921,low
1356,8731,13470,medium
1357,9795,7783,low
1358,13332,12604,low
1359,11057,755,high
1360,4793,7748,low
1361,9334,11519,low
1362,4911,9529,medium
1363,9952,3462,low
1364,4415,2782,low
1365,2250,9244,high
1366,6951,8872,low
1367,10098,12944,high
1368,13949,1977,high
1369,7289,9262,low
1370,10102,5452,low
1371,9257,6380,low
1372,14848,10419,low
1373,7565,13835,low
1374,8437,6092,medium
1375,11110,7591,low
1376,3173,1091,low
1377,13395,6777,medium
1378,10624,13208,low
1379,2835,2760,medium
1380,12438,11639,low
1381,4262,847,low
1382,11089,8857,medium
1383,13824,5532,medium
1384,6567,4943,medium
1385,5815,11588,medium
1386,2246,13185,medium
1387,4429,9274,low
1388,11182,7369,low
1389,13502,12198,medium
1390,11118,6196,medium
1391,13630,13095,high
1392,7287,3538,low
1393,4607,3345,low
1394,11266,8364,medium
1395,7930,11458,low
1396,6022,7109,high
1397,13991,12886,medium
1398,6784,1765,low
1399,8617,12945,medium
1400,5151,13341,medium
1401,13630,13438,low
1402,7580,11659,high
1403,9054,2774,low
1404,9706,2970,medium
1405,9619,10982,low
1406,6573,3077,medium
1407,5491,4160,low
1408,2706,1568,low
1409,8997,6091,high
1410,7233,6474,low
1411,13256,11428,low
1412,10945,5329,high
1413,7755,2450,high
1414,8960,8783,low
1415,10779,3593,medium
1416,3334,10911,low
1417,7588,5811,low
1418,3847,13888,low
1419,8851,1887,medium
1420,14126,4774,medium
1421,9211,2785,medium
1422,9865,3706,medium
1423,14118,3424,low
1424,5317,7545,low
1425,14212,8971,low
1426,13347,13830,low
1427,14494,2118,low
1428,12390,11479,medium
1429,8811,9062,low
1430,2164,6396,low
1431,9060,11875,low
1432,12190,12526,medium
1433,5057,8343,medium
1434,12276,10395,low
1435,6428,10960,low
1436,2402,7563,medium
1437,10605,8995,low
1438,10236,12466,medium
1439,8349,1848,medium
1440,6157,6056,low
1441,12659,5789,low
1442,2867,2922,high
1443,10210,4128,low
1444,2364,2928,low
1445,9467,3533,medium
1446,14024,6657,high
1447,8571,9360,high
1448,2579,9191,medium
1449,9674,8313,low
1450,10737,1914,low
1451,8468,7208,medium
1452,6150,9221,low
1453,5039,7135,low
1454,6137,4121,high
1455,14236,12148,low
1456,14518,5815,low
1457,2452,1254,low
1458,14153,2847,low
1459,8537,13602,low
1460,3381,1226,low
1461,10154,13518,low
1462,3467,5423,medium
1463,4738,3149,medium
1464,9572,10738,low
1465,11408,3315,high
1466,8747,9566,low
1467,2880,3779,low
1468,14006,3484,medium
1469,5149,10870,low
1470,10276,4307,high
1471,9892,8376,low
1472,6144,6599,high
1473,3168,1107,low
1474,14356,6669,medium
1475,5129,8290,low
1476,5645,6073,high
1477,4526,1134,low
1478,13059,13997,low
1479,5516,13271,high
1480,5367,11419,low
1481,9338,1574,medium
1482,12386,2414,medium
1483,5555,1088,low
1484,7111,3731,medium
1485,8752,6851,low
1486,2445,10996,high
1487,8364,4338,low
1488,5626,2473,low
1489,6016,5544,high
1490,5875,10747,medium
1491,7497,12172,low
1492,13529,10771,medium
1493,8238,6603,low
1494,2261,7183,low
1495,12040,6337,low
1496,6992,11744,low
1497,6025,13174,low
1498,12458,9943,low
1499,10283,7283,high
1500,6222,6094,high
1501,6175,12487,medium
1502,13501,4322,low
1503,11174,12994,low
1504,5443,3889,medium
1505,7011,6414,medium
1506,12725,2280,low
1507,2693,11296,high
1508,14312,4188,medium
1509,10347,13580,high
1510,13780,10416,medium
1511,3812,7711,medium
1512,7724,13793,low
1513,14306,11476,high
1514,3407,5537,medium
1515,10032,13953,low
1516,11408,12411,low
1517,3410,6819,low
1518,5497,10369,medium
1519,6372,9140,high
1520,9394,13379,low
1521,2551,581,low
1522,13586,6778,low
1523,11368,7499,high
1524,14926,1906,medium
1525,6332,7910,medium
1526,2997,1980,low
1527,6076,9771,low
1528,8099,4098,low
1529,7555,8493,low
1530,12923,13206,medium
1531,14129,4683,medium
1532,6052,4180,high
1533,7303,11395,high
1534,10118,8144,low
1535,8102,4810,medium
1536,7490,12448,high
1537,10564,2258,medium
1538,7616,3099,low
1539,4248,6116,low
1540,2848,6313,low
1541,12748,11242,high
1542,12514,4353,medium
1543,8354,11438,low
1544,10695,2792,medium
1545,10070,2001,medium
1546,13381,13096,low
1547,10894,8922,low
1548,5625,8050,medium
1549,2314,4750,low
1550,4376,9890,medium
1551,11232,7491,low
1552,6378,614,medium
1553,13182,10105,low
1554,10449,4906,low
1555,2574,9684,medium
1556,14861,2847,low
1557,11744,1541,low
1558,14710,7427,low
1559,7585,511,medium
1560,7492,8480,medium
1561,10949,8371,medium
1562,4810,6875,low
1563,10134,7598,low
1564,11296,4176,low
1565,7670,6609,low
1566,9715,13517,low
1567,8567,5897,low
1568,14716,3565,low
1569,5459,2536,high
1570,8117,3546,low
1571,5992,11042,low
1572,9837,1040,medium
1573,2203,11552,low
1574,4775,576,medium
1575,12524,3567,medium
1576,3992,523,high
1577,4243,5634,low
1578,10498,1175,high
1579,3687,7168,low
1580,6109,11086,low
1581,3860,4767,low
1582,12153,6488,high
1583,7176,12090,low
1584,2722,11451,low
1585,10971,8152,medium
1586,10720,9180,low
1587,6893,1985,low
1588,2343,4159,low
1589,13978,11927,low
1590,13874,2919,low
1591,7398,8240,low
1592,10400,7643,medium
1593,6736,3995,low
1594,5406,1256,low
1595,11503,11216,medium
1596,12491,12942,low
1597,13528,8948,medium
1598,12139,2279,low
1599,2919,13461,low
1600,7819,10807,low
1601,4044,6987,low
1602,2418,12040,low
1603,3749,13460,low
1604,13034,10164,low
1605,9378,758,low
1606,3099,4575,low
1607,5392,8998,low
1608,4772,8514,low
1609,12672,1618,low
1610,8784,8131,medium
1611,3545,3517,low
1612,3070,4841,medium
1613,8522,11472,medium
1614,3850,2158,low
1615,7053,8878,medium
1616,14390,2297,high
1617,4939,9616,low
1618,12095,1284,low
1619,9194,12136,medium
1620,7851,6191,medium
1621,8673,3696,low
1622,2678,10052,low
1623,2988,9032,low
1624,12667,1062,low
1625,11799,5246,medium
1626,13061,3499,low
1627,3502,1693,low
1628,3789,11802,medium
1629,7281,568,low
1630,7027,6179,low
1631,3425,2928,medium
1632,8654,6700,medium
1633,4440,5896,low
1634,12234,7493,low
1635,8856,13910,low
1636,9367,13703,low
1637,11470,4098,low
1638,4594,11064,low
1639,6689,13248,low
1640,4436,9535,low
1641,7517,1073,low
1642,13995,4714,low
1643,12397,8136,low
1644,11219,11288,low
1645,8310,13433,low
1646,5539,1978,medium
1647,5483,10765,low
1648,9371,10205,medium
1649,4241,6627,medium
1650,8378,13819,low
1651,4765,9660,low
1652,11365,7176,low
1653,13422,2696,low
1654,13542,10203,medium
1655,6911,13836,low
1656,2403,8666,low
1657,12917,9346,low
1658,5382,6550,low
1659,6163,11684,medium
1660,9630,5150,low
1661,2087,13212,low
1662,11350,8984,high
1663,7816,13996,medium
1664,7470,11293,low
1665,8276,5026,low
1666,7739,4912,low
1667,6273,13185,low
1668,13049,5943,low
1669,11573,10280,low
1670,8523,9287,low
1671,7003,3093,low
1672,10038,10815,medium
1673,14873,10635,low
1674,8606,9607,low
1675,4064,7352,low
1676,7315,7129,high
1677,12566,4369,low
1678,2317,11486,low
1679,3502,11770,high
1680,8130,8471,medium
1681,9419,9667,medium
1682,4042,9767,low
1683,6598,8322,low
1684,12214,3489,medium
1685,2118,7562,high
1686,2709,12159,low
1687,5557,5840,low
1688,14332,10143,low
1689,14601,4323,medium
1690,5250,13954,low
1691,10061,4432,low
1692,10609,10720,low
1693,4603,9054,low
1694,14046,2929,low
1695,3101,12324,low
1696,6421,7944,medium
1697,9857,11010,low
1698,13620,11777,low
1699,10177,11037,low
1700,8082,7647,low
1701,8658,8131,low
1702,4261,4098,low
1703,10021,4829,low
1704,14361,7218,low
1705,13826,10423,low
1706,2508,8718,high
1707,4379,592,low
1708,13356,11356,medium
1709,10879,9000,low
1710,6752,551,medium
1711,11484,818,medium
1712,7495,10684,low
1713,14097,12968,low
1714,13267,6188,low
1715,5209,12583,low
1716,9398,7518,high
1717,8743,7710,medium
1718,7648,13434,high
1719,7171,4456,low
1720,9890,6557,medium
1721,2324,11384,high
1722,12185,11710,low
1723,14168,10716,low
1724,12962,7375,medium
1725,14564,4931,low
1726,12775,2025,medium
1727,5557,13777,low
1728,5587,7543,medium
1729,2151,1778,low
1730,2954,9205,low
1731,6354,6625,low
1732,12563,8374,medium
1733,9160,13029,medium
1734,11383,10425,low
1735,2687,12062,low
1736,10501,7400,medium
1737,11694,12613,low
1738,5127,3000,medium
1739,8763,3964,low
1740,14760,2759,low
1741,13559,13455,low
1742,5395,13381,low
1743,11005,7996,medium
1744,2845,3159,low
1745,3164,755,low
1746,14954,2002,medium
1747,7904,5156,low
1748,11959,10802,low
1749,7360,5930,high
1750,2354,9098,medium
1751,3872,11541,low
1752,4024,3676,high
1753,4817,2360,medium
1754,5832,6658,low
1755,14467,6306,low
1756,10257,4854,medium
1757,14458,1222,medium
1758,14282,8079,low
1759,12713,9974,medium
1760,4581,1113,medium
1761,11582,3831,low
1762,11322,6290,low
1763,4486,3616,low
1764,11026,10670,medium
1765,10418,9504,low
1766,13707,10478,low
1767,14729,830,medium
1768,4443,2712,medium
1769,10919,9908,low
1770,13878,5993,medium
1771,13814,7732,low
1772,3036,13174,medium
1773,12024,6114,low
1774,12932,6413,low
1775,10684,6413,medium
1776,9435,12029,low
1777,3548,11067,low
1778,11335,6111,medium
1779,7065,9932,medium
1780,8496,819,medium
1781,8183,8585,medium
1782,5957,13186,low
1783,5407,10606,low
1784,2639,4700,low
1785,2172,5291,low
1786,7666,829,high
1787,6354,9351,low
1788,5959,12380,low
1789,10708,11810,low
1790,10714,7242,high
1791,12109,5416,low
1792,4886,10664,low
1793,4164,2293,low
1794,12121,6957,medium
1795,5945,11910,low
1796,7235,8625,medium
1797,12401,13249,high
1798,9746,6203,low
1799,13975,11225,medium
1800,4590,11149,high
1801,9754,6670,medium
1802,6934,11792,low
1803,6076,13058,low
1804,7185,11425,medium
1805,3093,7144,low
1806,5880,7920,medium
1807,12686,13172,high
1808,8559,4655,high
1809,12771,13918,low
1810,12680,8911,low
1811,4785,11510,high
1812,8065,10598,medium
1813,8539,3111,low
1814,12950,6191,high
1815,3574,3093,medium
1816,7676,595,low
1817,12565,9680,low
1818,10060,9804,low
1819,5990,6541,low
1820,7210,10970,low
1821,6845,5563,medium
1822,11285,8937,low
1823,3189,10850,low
1824,4689,13021,low
1825,6095,3849,low
1826,3875,8144,high
1827,9768,7060,low
1828,5406,11417,low
1829,11979,5747,medium
1830,5932,5856,low
1831,11799,4577,low
1832,13940,5398,low
1833,10240,11358,low
1834,7408,11891,low
1835,5861,11446,low
1836,9406,1917,low
1837,12372,9346,high
1838,13238,11134,low
1839,4833,610,low
1840,7285,8781,medium
1841,11589,9454,low
1842,9645,7891,medium
1843,14018,11864,low
1844,14766,10871,high
1845,11023,5632,low
1846,12889,3004,low
1847,6777,10156,low
1848,4735,8789,high
1849,10273,5739,low
1850,10278,792,low
1851,8368,10531,low
1852,12255,2234,medium
1853,2821,5620,low
1854,9525,11311,medium
1855,2162,6893,low
1856,9777,13439,low
1857,13931,2696,low
1858,12589,3966,low
1859,3932,2406,low
1860,12920,2221,low
1861,5535,12383,medium
1862,7956,13855,low
1863,5446,2316,low
1864,4790,8944,low
1865,4707,4727,low
1866,9959,12211,low
1867,5933,10599,low
1868,5385,10602,low
1869,8636,11213,medium
1870,2922,6275,high
1871,10089,4349,low
1872,12367,5728,low
1873,11774,7349,medium
1874,2564,1558,low
1875,5258,12230,low
1876,12789,2822,low
1877,4500,8878,medium
1878,6566,1448,medium
1879,11179,8679,low
1880,8881,10982,low
1881,5636,4859,low
1882,8030,13309,medium
1883,2223,6160,low
1884,8297,13570,low
1885,2350,7754,medium
1886,9314,13322,low
1887,3928,8901,medium
1888,9743,2593,low
1889,10540,12230,low
1890,14469,2063,low
1891,6732,8717,medium
1892,3017,674,medium
1893,4226,1834,medium
1894,9206,821,low
1895,9170,6198,medium
1896,8207,13946,low
1897,14316,12842,low
1898,4419,12739,medium
1899,8240,11919,low
1900,3893,10564,low
1901,7322,6104,low
1902,13232,7242,low
1903,12260,10759,low
1904,9718,7936,low
1905,8878,9024,low
1906,3125,6174,medium
1907,5117,5502,medium
1908,6161,11683,low
1909,6042,1410,low
1910,6433,13188,low
1911,12362,1449,low
1912,10638,5925,low
1913,4658,10767,medium
1914,13554,3014,low
1915,12910,12023,low
1916,5483,8201,low
1917,4944,11721,low
1918,14568,600,high
1919,9210,5146,medium
1920,9653,7445,low
1921,10787,2900,medium
1922,3986,12063,low
1923,12942,6301,medium
1924,3074,2843,medium
1925,14161,852,low
1926,6305,3455,low
1927,14413,1518,low
1928,14779,1679,low
1929,13772,5693,medium
1930,5007,4036,low
1931,2969,12342,low
1932,10772,3002,medium
1933,4824,4319,high
1934,14193,7355,low
1935,3211,1479,low
1936,2229,13526,low
1937,6284,1476,low
1938,5185,10063,high
1939,2501,2780,low
1940,12324,6397,low
1941,2048,13740,low
1942,5566,13268,low
1943,5055,607,medium
1944,10880,9664,medium
1945,2386,2126,low
1946,2969,9395,low
1947,13652,6729,low
1948,11197,7377,high
1949,7820,1374,medium
1950,5052,6043,low
1951,13609,4309,medium
1952,9397,11103,medium
1953,4302,2607,low
1954,4283,12245,high
1955,11799,9965,low
1956,6366,1059,low
1957,2122,8808,low
1958,8799,5469,low
1959,11472,13755,low
1960,5727,3546,medium
1961,10450,543,low
1962,11139,1008,medium
1963,6958,6607,low
1964,2524,13976,low
1965,11079,3939,low
1966,10399,4428,low
1967,13574,5911,medium
1968,12986,13636,low
1969,2148,1416,low
1970,10001,11637,low
1971,2437,1298,medium
1972,12394,5471,high
1973,5749,2260,medium
1974,13353,11025,low
1975,14093,3775,low
1976,10186,1318,low
1977,6453,10860,low
1978,13437,5540,low
1979,7336,12427,low
1980,6551,3565,low
1981,4823,3759,low
1982,7728,1406,medium
1983,14916,12800,low
1984,13462,1102,low
1985,10677,4795,medium
1986,10391,11325,low
1987,14658,10483,medium
1988,3982,4027,low
1989,8996,5043,low
1990,11663,2311,medium
1991,14535,12603,medium
1992,4311,9532,medium
1993,9225,11834,low
1994,13565,13377,low
1995,12270,8463,low
1996,11713,5749,low
1997,2604,10782,high
1998,10175,5115,low
1999,14040,9728,high
2000,13534,9416,low
2001,7785,7266,low
2002,11609,9679,low
2003,6597,1302,medium
2004,9759,3082,medium
2005,14067,6945,medium
2006,9532,4337,medium
2007,13125,9218,medium
2008,10740,2165,medium
2009,2838,9830,low
2010,5815,9151,low
2011,2847,7475,low
2012,6709,3052,high
2013,6507,7975,high
2014,8575,13719,low
2015,6773,13112,medium
2016,14446,13366,high
2017,6468,3308,low
2018,12464,11590,low
2019,7192,6133,high
2020,5320,11935,low
2021,12750,12760,medium
2022,6698,6596,low
2023,6311,11023,high
2024,12188,13262,high
2025,5673,13865,high
2026,3564,12377,low
2027,14210,9323,medium
2028,3840,13490,medium
2029,8058,2956,low
2030,9131,9673,medium
2031,13483,5923,low
2032,13079,13346,low
2033,2726,4817,low
2034,11436,2056,low
2035,13652,2705,low
2036,8697,13135,medium
2037,13910,13970,low
2038,11257,13676,medium
2039,14963,4455,low
2040,2282,9613,low
2041,3081,7305,low
2042,5885,904,medium
2043,4881,13464,low
2044,12776,13376,medium
2045,4970,2120,medium
2046,11344,3452,medium
2047,8985,8580,low
2048,13689,3618,low
2049,2947,7880,medium
2050,6760,7130,low
2051,11909,10286,medium
2052,2066,1065,low
2053,10828,5299,high
2054,10505,8170,medium
2055,13589,3368,high
2056,2564,9549,low
2057,11793,9976,medium
2058,11017,9276,low
2059,5670,4827,low
2060,11217,6913,medium
2061,4251,8114,medium
2062,14949,1745,high
2063,2804,8743,medium
2064,12643,10855,low
2065,6631,1037,low
2066,11583,1040,medium
2067,3235,13830,low
2068,8720,1314,low
2069,14224,1915,low
2070,13472,11530,low
2071,8906,2152,low
2072,8016,11357,low
2073,14915,13206,low
2074,5549,4562,low
2075,14392,2856,high
2076,9938,4310,low
2077,6141,9555,low
2078,8966,685,medium
2079,11546,13048,low
2080,7335,2051,high
2081,7077,10899,medium
2082,7611,7513,low
2083,12028,1261,low
2084,10089,13011,medium
2085,4892,9971,high
2086,12688,12967,low
2087,12775,6663,medium
2088,12750,13419,low
2089,7577,8135,high
2090,5618,12386,low
2091,3559,3781,high
2092,8683,2036,medium
2093,3507,6701,medium
2094,14263,3664,low
2095,4063,3270,low
2096,5642,10655,low
2097,4000,7899,low
2098,3294,4345,low
2099,6065,3935,medium
2100,12944,5210,low
2101,10014,1061,low
2102,11945,11113,high
2103,14402,5217,medium
2104,3603,8123,high
2105,3322,10827,high
2106,7956,7687,low
2107,4441,13801,low
2108,3098,10753,medium
2109,7073,2680,medium
2110,11697,2460,low
2111,11318,4379,medium
2112,10488,5653,low
2113,13241,7535,low
2114,12417,11971,low
2115,14546,12576,low
2116,5787,3770,low
2117,4096,5187,low
2118,13801,1082,medium
2119,4208,10305,low
2120,7988,9793,low
2121,2175,788,medium
2122,9169,6164,high
2123,8014,8479,medium
2124,12694,4359,medium
2125,14191,3560,medium
2126,3667,11618,low
2127,14563,12794,low
2128,12737,1683,low
2129,10867,4835,low
2130,3823,1946,low
2131,7147,7179,medium
2132,3356,10441,low
2133,5072,6713,low
2134,5259,2403,low
2135,8199,11867,medium
2136,2546,8394,low
2137,7231,9769,medium
2138,9965,2877,low
2139,4083,1347,low
2140,4040,7870,low
2141,6534,11568,medium
2142,3752,6841,low
2143,11807,1739,medium
2144,3849,6100,low
2145,4642,10024,low
2146,3600,12198,medium
2147,13588,11071,medium
2148,6402,5291,medium
2149,13797,12814,medium
2150,5799,11929,medium
2151,2618,2865,medium
2152,3132,11104,medium
2153,7491,11866,medium
2154,7795,5555,medium
2155,12307,6122,medium
2156,12531,872,medium
2157,12931,8283,low
2158,14468,2449,medium
2159,9633,744,medium
2160,3487,10532,low
2161,9848,8295,medium
2162,7009,6272,low
2163,11749,12119,low
2164,4113,624,medium
2165,3044,13324,low
2166,4431,11445,medium
2167,9979,2419,medium
2168,3582,10327,low
2169,3308,10117,low
2170,6917,10232,low
2171,10793,1030,medium
2172,3620,8349,high
2173,9503,7429,medium
2174,6766,4849,low
2175,7362,11795,medium
2176,7192,5256,low
2177,8622,2301,medium
2178,8093,5656,low
2179,8704,8356,medium
2180,2100,5961,low
2181,8657,9728,high
2182,7875,5802,low
2183,6271,12420,medium
2184,2237,7932,high
2185,9226,12703,low
2186,10032,6689,high
2187,7218,12155,medium
2188,6025,1642,low
2189,13110,7576,low
2190,8073,8114,medium
2191,4542,10447,low
2192,12195,5340,low
2193,3537,2129,low
2194,2754,5562,medium
2195,13560,1262,low
2196,12450,7405,medium
2197,9396,5389,high
2198,13857,5339,high
2199,9823,13857,medium
2200,7507,4457,low
2201,6235,1057,medium
2202,2540,5121,low
2203,7510,1339,low
2204,10461,8694,low
2205,9926,9743,low
2206,7131,10096,medium
2207,13652,8848,medium
2208,13600,7498,low
2209,10697,10629,low
2210,3129,1010,high
2211,12271,12096,low
2212,5145,13474,low
2213,13434,1637,low
2214,10553,6106,medium
2215,5720,12606,medium
2216,11648,12013,low
2217,6067,5166,low
2218,6195,9406,medium
2219,11873,5934,medium
2220,11244,10978,low
2221,9281,6946,high
2222,4509,3154,low
2223,7016,1490,low
2224,8533,8320,high
2225,6727,13121,low
2226,2681,2660,medium
2227,5932,6240,low
2228,12321,4957,low
2229,7560,10836,high
2230,6016,2563,low
2231,9339,11295,medium
2232,13494,2477,low
2233,2719,9067,low
2234,2074,9433,low
2235,11485,13177,medium
2236,12114,3167,low
2237,6157,9932,medium
2238,10511,12162,low
2239,4149,5419,high
2240,11644,11059,low
2241,11747,10935,medium
2242,8713,12241,medium
2243,6207,9109,medium
2244,13224,8142,medium
2245,9141,9298,medium
2246,10652,9259,medium
2247,11078,1043,low
2248,13725,1383,low
2249,5936,5298,high
2250,11307,8540,medium
2251,3075,9915,medium
2252,5876,11585,low
2253,6615,6218,low
2254,9265,2568,low
2255,8379,7978,medium
2256,12116,8620,low
2257,11118,8320,low
2258,6652,12401,low
2259,8792,2286,low
2260,12473,6215,low
2261,11247,10149,low
2262,9456,10606,medium
2263,6674,8769,low
2264,2541,12305,low
2265,4161,1808,low
2266,4251,9339,low
2267,11244,10879,low
2268,6569,9244,low
2269,4744,13785,medium
2270,14061,8973,low
2271,8041,9973,medium
2272,14673,10538,medium
2273,14349,11179,medium
2274,14802,13945,low
2275,14717,11485,low
2276,6675,12403,low
2277,3560,12891,low
2278,13954,5361,high
2279,3164,3276,low
2280,7419,2096,low
2281,4722,979,medium
2282,12550,3812,medium
2283,2470,6656,low
2284,11608,11910,low
2285,3468,10655,low
2286,9925,8419,low
2287,2808,7244,low
2288,10363,10834,low
2289,8719,4398,low
2290,14318,2572,low
2291,14334,9987,low
2292,14417,6124,low
2293,12591,13977,low
2294,7073,1438,medium
2295,10012,8676,medium
2296,3645,1261,low
2297,10249,7754,low
2298,3129,13441,low
2299,3353,2169,medium
2300,2767,7628,medium
2301,5895,4362,low
2302,10874,3185,high
2303,5454,12591,low
2304,12200,7134,low
2305,9329,2431,medium
2306,13334,7808,medium
2307,3790,4439,medium
2308,11669,1626,medium
2309,2885,11989,low
2310,9734,6521,medium
2311,5906,13362,low
2312,6492,6937,medium
2313,11730,7539,low
2314,4073,5873,medium
2315,2312,1703,low
2316,8269,4635,medium
2317,7317,12464,low
2318,2810,9211,medium
2319,12427,8404,low
2320,8841,2783,low
2321,13049,5058,low
2322,12955,5847,low
2323,4032,8367,medium
2324,11699,6444,low
2325,14737,9174,high
2326,12762,2977,low
2327,12086,3593,low
2328,9129,9034,medium
2329,4705,7707,medium
2330,10788,13984,low
2331,4147,10154,low
2332,2615,9894,medium
2333,2947,10313,low
2334,7677,11090,high
2335,6651,12288,high
2336,14565,6727,medium
2337,13956,13780,low
2338,9866,4035,medium
2339,4013,11569,low
2340,5697,7504,low
2341,2490,11082,low
2342,6350,12043,low
2343,4428,3413,medium
2344,6987,9881,medium
2345,10733,2840,medium
2346,11479,12272,low
2347,11825,10295,low
2348,6920,11989,low
2349,4926,5789,high
2350,11544,1097,low
2351,9282,9336,medium
2352,6376,13235,low
2353,11490,7645,low
2354,6868,3402,medium
2355,8986,7145,low
2356,8862,9455,medium
2357,14159,8194,high
2358,6423,5330,low
2359,12450,8046,low
2360,8870,7868,low
2361,14839,10334,high
2362,10159,10989,low
2363,4073,13388,medium
2364,8170,10864,medium
2365,2701,2660,medium
2366,12111,13768,low
2367,10113,6378,medium
2368,8825,8163,high
2369,12652,4249,low
2370,14454,3422,low
2371,9867,6986,high
2372,6264,8612,low
2373,9968,9271,medium
2374,10146,4304,low
2375,14516,5378,low
2376,9776,2868,medium
2377,10558,8593,low
2378,10719,4432,low
2379,6886,13319,low
2380,13910,12052,low
2381,13801,6108,low
2382,5935,7135,low
2383,6619,13399,high
2384,7191,6895,low
2385,12345,6601,medium
2386,8875,9792,low
2387,12100,10362,medium
2388,13204,6031,low
2389,9856,10912,high
2390,7401,5470,low
2391,14420,6844,low
2392,5022,8908,low
2393,13675,875,low
2394,12912,8387,low
2395,7738,2109,low
2396,7984,12798,medium
2397,3770,12531,low
2398,14305,3439,low
2399,11969,4562,medium
2400,14404,2113,medium
2401,10989,7078,low
2402,5215,8351,low
2403,13980,4179,low
2404,8694,13605,medium
2405,4976,8040,medium
2406,5737,9988,low
2407,11903,7574,medium
2408,2752,4496,medium
2409,12661,5286,low
2410,14161,6195,medium
2411,3392,9847,low
2412,8789,7498,low
2413,12797,13571,low
2414,2677,2866,low
2415,2105,11583,low
2416,13479,10664,high
2417,6753,7264,low
2418,3946,9476,low
2419,7544,13184,low
2420,3095,9773,high
2421,8985,10725,low
2422,3782,2114,low
2423,6541,5055,low
2424,5257,2916,low
2425,8213,7788,high
2426,12189,7362,high
2427,6869,13333,low
2428,3561,4153,high
2429,6006,7139,medium
2430,11867,996,medium
2431,11314,1004,low
2432,5981,8199,low
2433,11493,12078,low
2434,7682,13880,medium
2435,7782,10900,low
2436,2943,6233,low
2437,6550,8555,low
2438,11137,13505,medium
2439,2600,3716,low
2440,12892,6188,medium
2441,8376,12358,high
2442,11609,10100,low
2443,3524,4864,medium
2444,5766,12769,low
2445,2250,6542,medium
2446,11736,1977,low
2447,2078,5460,medium
2448,5123,2897,medium
2449,11089,8801,high
2450,9064,12246,medium
2451,10417,9341,low
2452,3209,6694,medium
2453,7153,8070,medium
2454,6898,8230,low
2455,4178,1999,low
2456,12871,13898,high
2457,9610,7735,medium
2458,13077,1095,medium
2459,12998,1478,low
2460,10895,1230,medium
2461,4544,556,low
2462,7522,2743,medium
2463,4370,6379,low
2464,5281,2201,medium
2465,6710,7729,high
2466,2328,1786,low
2467,7579,8803,high
2468,6228,13498,low
2469,8794,9893,medium
2470,2120,1447,medium
2471,8749,4621,low
2472,2964,7053,medium
2473,6224,1257,medium
2474,5675,12080,low
2475,7694,6151,low
2476,4076,7773,medium
2477,8865,10533,medium
2478,7643,4035,medium
2479,10524,2793,medium
2480,13560,1604,low
2481,7249,9353,medium
2482,3316,1408,low
2483,3196,7039,low
2484,5170,5117,low
2485,11621,10548,low
2486,2355,7569,low
2487,14426,2811,low
2488,11718,1289,medium
2489,14089,671,low
2490,2028,13052,low
2491,3013,10678,low
2492,12894,8489,low
2493,11019,13837,low
2494,14638,2385,low
2495,4024,9167,medium
2496,10490,1549,medium
2497,7839,4629,medium
2498,12057,11003,low
2499,14208,1661,low
2500,7791,1315,medium
2501,12303,4266,low
2502,2754,11614,low
2503,10961,9445,low
2504,5735,5161,low
2505,3238,9153,low
2506,12405,3739,low
2507,3906,11394,low
2508,9399,8772,low
2509,9961,3304,medium
2510,11756,8531,medium
2511,11410,1369,medium
2512,6601,6026,medium
2513,11549,8241,high
2514,14031,13857,low
2515,3460,5194,low
2516,9669,9498,low
2517,14177,2434,medium
2518,3416,5672,medium
2519,13045,1203,low
2520,9766,3023,high
2521,3428,3139,low
2522,6378,6659,high
2523,9529,13274,low
2524,6474,4409,low
2525,14485,13493,low
2526,13254,1664,low
2527,5071,1119,low
2528,2555,8482,low
2529,10547,3566,medium
2530,3563,5372,low
2531,13692,9138,low
2532,3040,2837,medium
2533,4686,8900,medium
2534,14666,6094,low
2535,14967,2960,low
2536,4553,7320,low
2537,3779,6046,low
2538,2075,3942,medium
2539,6326,3211,low
2540,7835,11029,low
2541,7057,1791,medium
2542,13511,10890,low
2543,4349,5874,low
2544,4773,10092,low
2545,4262,13642,high
2546,5229,3155,low
2547,12308,12704,medium
2548,2392,7013,low
2549,3108,7894,low
2550,6362,1204,medium
2551,7188,1325,high
2552,10802,9696,medium
2553,7057,12152,medium
2554,12967,876,medium
2555,5998,1472,low
2556,10864,4713,low
2557,8566,11768,medium
2558,5677,943,low
2559,7796,8019,medium
2560,8363,1254,high
2561,10123,12296,low
2562,10222,5235,low
2563,9690,10863,medium
2564,3400,11397,low
2565,6071,5896,medium
2566,10808,3965,low
2567,14826,3211,medium
2568,4786,2907,low
2569,9169,9314,medium
2570,2870,6088,low
2571,6196,6604,low
2572,13796,6247,low
2573,11604,2223,medium
2574,4739,7724,medium
2575,2940,12014,low
2576,2340,2419,low
2577,13100,1418,low
2578,9422,13961,medium
2579,6133,13973,medium
2580,2659,4715,low
2581,12225,1081,low
2582,11752,13978,low
2583,5457,4381,low
2584,11848,10378,low
2585,4975,4409,high
2586,11241,2499,low
2587,2453,11403,medium
2588,11896,900,low
2589,10184,4148,low
2590,7442,5945,medium
2591,12976,3128,medium
2592,2818,2156,high
2593,6868,1120,low
2594,2012,746,low
2595,14171,5712,medium
2596,9727,3839,low
2597,2920,7258,low
2598,6920,7586,low
2599,4418,3510,low
2600,11506,5219,medium
2601,8475,2868,low
2602,13869,12686,low
2603,4017,2339,low
2604,9957,3403,low
2605,11420,6705,low
2606,6792,4895,low
2607,8830,13190,low
2608,4434,6267,medium
2609,4868,4191,low
2610,12707,7970,low
2611,3438,4341,medium
2612,14356,4848,medium
2613,5543,7121,low
2614,13367,1892,low
2615,3781,12442,low
2616,8343,6560,medium
2617,4263,4755,high
2618,12161,11700,medium
2619,2211,4800,low
2620,10699,3838,medium
2621,8159,13949,low
2622,9027,5987,low
2623,2331,4014,low
2624,8860,13645,high
2625,10044,1259,low
2626,10169,11460,medium
2627,10742,11780,low
2628,7720,10807,low
2629,11133,12920,low
2630,2727,10415,low
2631,6975,11658,medium
2632,13054,9121,low
2633,5243,11047,medium
2634,2648,7293,medium
2635,7095,13985,high
2636,8614,2959,low
2637,12929,12884,low
2638,12939,5773,low
2639,9135,2218,high
2640,3009,9957,high
2641,3550,5923,low
2642,10995,1808,medium
2643,14272,1550,low
2644,9492,12165,medium
2645,14501,5979,low
2646,14456,2749,medium
2647,5401,3309,low
2648,9447,3421,medium
2649,7424,5176,medium
2650,6241,4541,medium
2651,14803,2917,low
2652,5161,1032,low
2653,14740,13963,low
2654,6155,13913,low
2655,9478,9590,low
2656,10719,8667,high
2657,13490,11346,low
2658,11215,1969,low
2659,8617,11612,low
2660,7660,9944,low
2661,13926,7792,medium
2662,10624,9461,low
2663,3176,9525,high
2664,9956,7642,low
2665,10592,6500,high
2666,12296,7581,medium
2667,13242,10901,low
2668,4233,5149,high
2669,12637,7431,low
2670,6700,3924,medium
2671,13027,1591,low
2672,7906,9888,medium
2673,9860,12606,medium
2674,9526,10352,medium
2675,7559,8349,medium
2676,8732,5154,low
2677,4513,760,low
2678,9830,10956,low
2679,11965,6436,low
2680,8944,13935,medium
2681,9910,13592,low
2682,7649,9877,high
2683,3096,11141,medium
2684,11120,12225,medium
2685,3951,4870,low
2686,12165,4801,medium
2687,11746,7707,high
2688,12970,12036,low
2689,14613,6319,medium
2690,11186,9558,medium
2691,9799,592,low
2692,10804,5661,low
2693,12785,8132,low
2694,2595,11870,low
2695,9875,10043,low
2696,11033,6708,low
2697,6439,9056,low
2698,7972,5416,low
2699,2858,4218,high
2700,7519,6625,low
2701,9385,2424,high
2702,10636,3595,low
2703,11980,7183,low
2704,6317,5681,low
2705,5454,3038,low
2706,14144,9988,low
2707,14879,2776,medium
2708,3030,13831,low
2709,11487,8694,medium
2710,9906,12184,medium
2711,12255,10445,low
2712,3447,1410,low
2713,12237,806,medium
2714,14811,7075,low
2715,4850,4731,low
2716,14016,6528,high
2717,12260,12707,low
2718,13953,7158,medium
2719,10106,6836,high
2720,12467,10130,low
2721,9151,1372,low
2722,12000,1641,low
2723,11503,1165,low
2724,8952,8900,low
2725,6055,1451,medium
2726,7402,9749,low
2727,12643,13436,low
2728,11281,5222,high
2729,3672,13312,medium
2730,13867,4508,medium
2731,6532,10560,low
2732,6924,13556,medium
2733,14546,7155,low
2734,12195,6690,low
2735,8085,1271,low
2736,14390,13527,medium
2737,9734,4530,low
2738,6864,8359,low
2739,11316,1021,low
2740,3221,3855,low
2741,4860,1900,medium
2742,12465,12430,medium
2743,13182,13035,medium
2744,12702,4223,low
2745,10428,7079,low
2746,11336,3747,low
2747,5253,2358,low
2748,5782,5281,low
2749,8957,4564,medium
2750,2766,13373,low
2751,4681,2898,low
2752,9710,642,low
2753,9482,5562,low
2754,7086,11543,low
2755,9964,3969,high
2756,4665,4195,medium
2757,11951,1217,high
2758,13683,1142,low
2759,13007,12132,low
2760,5513,3048,low
2761,2495,12385,low
2762,13372,9061,medium
2763,7822,4150,low
2764,14122,8049,low
2765,4072,13897,low
2766,9795,9478,low
2767,10529,1449,medium
2768,5949,5944,low
2769,8033,1021,low
2770,13300,7132,low
2771,12009,6548,low
2772,10328,11635,medium
2773,4555,854,medium
2774,8370,13734,high
2775,6415,11027,medium
2776,7959,1982,low
2777,11107,10339,medium
2778,7993,11737,low
2779,13730,13323,low
2780,7021,7494,medium
2781,12292,2715,low
2782,4907,13737,high
2783,4914,5216,low
2784,12174,9119,medium
2785,5870,6321,medium
2786,14720,3037,medium
2787,13759,6839,medium
2788,11190,9236,medium
2789,12339,11456,low
2790,7085,5419,low
2791,14886,7575,low
2792,8546,4265,medium
2793,2395,13790,low
2794,13790,9350,medium
2795,14702,7582,low
2796,2938,3327,low
2797,11828,2558,medium
2798,12916,8249,low
2799,4510,12019,low
2800,6636,1230,low
2801,3649,2332,high
2802,5690,9100,medium
2803,5435,7005,low
2804,5201,7670,low
2805,6179,4679,low
2806,14558,6799,medium
2807,12483,8330,medium
2808,14675,11939,low
2809,10405,5302,low
2810,5237,6557,low
2811,5862,7115,medium
2812,2058,7262,medium
2813,13122,6043,low
2814,6938,8825,low
2815,4971,5383,low
2816,11719,7550,high
2817,10314,5459,low
2818,13911,1166,medium
2819,11628,776,medium
2820,11354,11999,low
2821,13492,1381,low
2822,5345,2560,low
2823,4486,2582,medium
2824,2561,7202,medium
2825,5981,9929,medium
2826,8261,11144,low
2827,3737,658,low
2828,11096,5729,high
2829,5554,11288,medium
2830,14682,8456,low
2831,11918,8014,high
2832,13115,12507,medium
2833,13723,8303,low
2834,14098,13066,medium
2835,11126,3026,medium
2836,9095,8802,medium
2837,10266,8303,low
2838,2294,7074,low
2839,10212,9233,high
2840,13434,1638,low
2841,11230,7757,low
2842,7330,3783,low
2843,6655,8262,low
2844,3109,12302,medium
2845,5771,8396,high
2846,10563,13147,low
2847,8123,12249,low
2848,9647,2919,low
2849,3174,2256,medium
2850,3164,11778,medium
2851,11284,13742,low
2852,11475,2806,medium
2853,12203,8130,medium
2854,11037,6763,medium
2855,12183,9667,high
2856,10712,5508,low
2857,6466,5747,medium
2858,7538,9414,low
2859,14388,3070,medium
2860,14948,6307,medium
2861,9111,8312,medium
2862,10434,824,medium
2863,4800,7987,low
2864,6607,10221,low
2865,13088,6145,high
2866,12794,13861,high
2867,9262,2445,low
2868,12465,4986,low
2869,3541,2930,low
2870,4765,12803,medium
2871,12306,4010,medium
2872,6491,1345,low
2873,14899,13656,low
2874,5083,1067,medium
2875,7356,12380,medium
2876,3857,2679,low
2877,2769,2519,low
2878,3422,3819,low
2879,10598,2820,low
2880,4972,2146,low
2881,3872,12695,medium
2882,7599,4409,medium
2883,12886,8515,medium
2884,4269,3920,medium
2885,7275,11223,low
2886,6749,856,low
2887,8571,7985,low
2888,11373,3581,low
2889,7072,2780,medium
2890,11631,4631,high
2891,13245,11152,low
2892,7463,5623,low
2893,13525,7922,medium
2894,9450,3287,low
2895,13089,4709,low
2896,13095,7040,medium
2897,10420,9889,medium
2898,5959,9970,low
2899,12085,965,low
2900,3313,12692,medium
2901,9847,12040,low
2902,3070,1987,low
2903,11166,5442,medium
2904,11930,5097,low
2905,5285,5036,medium
2906,10949,825,low
2907,5095,10457,high
2908,2320,4662,low
2909,4321,803,low
2910,2555,5567,low
2911,6939,13271,low
2912,7432,5524,medium
2913,3386,8215,high
2914,6763,10132,low
2915,13239,8840,low
2916,12619,11726,medium
2917,8854,3131,medium
2918,12196,6891,low
2919,12122,13912,low
2920,9637,8787,low
2921,6841,12147,medium
2922,14962,13069,low
2923,12355,2869,medium
2924,5867,12159,low
2925,12618,1028,medium
2926,5793,11002,low
2927,9373,5175,low
2928,4513,2163,low
2929,5803,3864,medium
2930,4327,2841,low
2931,10809,7156,low
2932,4165,5405,low
2933,5308,9384,low
2934,8452,13022,medium
2935,10067,9643,medium
2936,9642,6450,medium
2937,8404,1860,low
2938,2992,5627,medium
2939,7424,6062,low
2940,11569,9230,low
2941,6381,9511,low
2942,5174,6277,low
2943,6782,11854,medium
2944,11497,4425,medium
2945,7560,8963,medium
2946,9460,8501,low
2947,5078,1528,low
2948,12878,12357,low
2949,4983,6518,low
2950,9259,1742,low
2951,8054,9833,low
2952,4523,9284,low
2953,13774,7619,low
2954,11677,10297,medium
2955,12292,4710,high
2956,6581,6906,high
2957,13907,3877,medium
2958,7609,4571,low
2959,4001,12994,medium
2960,3387,12386,medium
2961,13375,11042,low
2962,8552,12899,low
2963,3030,1940,medium
2964,11957,4126,low
2965,14955,10574,low
2966,3220,12403,low
2967,13998,684,low
2968,12606,5496,low
2969,14537,8912,low
2970,8035,8531,low
2971,11810,6063,low
2972,11455,3688,medium
2973,8523,9785,low
2974,10074,3445,low
2975,11063,7265,low
2976,2834,2974,high
2977,13014,7287,low
2978,11110,11307,low
2979,3724,10704,medium
2980,8598,11182,medium
2981,4413,9292,low
2982,11505,9852,medium
2983,7993,5099,low
2984,6498,6774,low
2985,4105,4813,low
2986,4568,11427,low
2987,11330,2718,medium
2988,2209,13399,low
2989,11256,1652,low
2990,6911,556,medium
2991,4220,9896,medium
2992,2233,13033,low
2993,2792,643,medium
2994,5110,7718,low
2995,4166,9059,medium
2996,10526,10174,medium
2997,11551,6861,high
2998,7193,1115,low
2999,3214,8562,low
3000,6419,12330,low
3001,9314,12020,low
3002,10475,6477,low
3003,2212,11919,high
3004,3658,10280,low
3005,14270,11181,low
3006,7024,7484,medium
3007,11609,11695,low
3008,12578,9390,medium
3009,7917,5471,low
3010,7141,6281,low
3011,3794,11515,low
3012,7988,1444,low
3013,10296,12573,high
3014,7578,9614,low
3015,7551,7578,low
3016,14085,2246,low
3017,5845,12812,low
3018,13882,11545,medium
3019,8906,6283,low
3020,13484,10251,medium
3021,2378,7407,high
3022,5293,9775,low
3023,5329,12230,high
3024,6808,9125,low
3025,13630,3426,low
3026,9937,1589,low
3027,2224,3457,medium
3028,2737,3112,high
3029,2235,6547,low
3030,14470,6749,medium
3031,2711,12883,low
3032,7988,4259,low
3033,3888,8218,low
3034,14910,4763,high
3035,9173,10781,medium
3036,3259,2402,low
3037,7246,3067,low
3038,9271,10690,low
3039,2748,8575,low
3040,14178,11806,low
3041,5551,3494,medium
3042,8400,5729,low
3043,8643,2510,low
3044,10701,7877,low
3045,3823,13536,medium
3046,8852,10583,medium
3047,13133,1330,low
3048,9777,548,medium
3049,6232,4710,low
3050,8519,1678,low
3051,12326,6268,low
3052,3777,8378,low
3053,3222,11725,low
3054,9630,570,high
3055,13859,8186,medium
3056,3777,8379,medium
3057,11496,5955,low
3058,9490,8758,low
3059,6859,6112,medium
3060,10893,6269,low
3061,10118,2277,low
3062,4989,13754,low
3063,10343,7880,medium
3064,3325,2728,low
3065,11493,10481,low
3066,13914,9304,medium
3067,11903,10578,low
3068,7127,10314,low
3069,10998,9388,low
3070,14522,7246,low
3071,4722,6891,medium
3072,6656,9929,low
3073,3325,2906,low
3074,6133,8940,medium
3075,11351,1137,medium
3076,4869,8590,medium
3077,14708,1449,low
3078,3242,10596,low
3079,10539,4087,high
3080,3831,1611,medium
3081,3569,8867,low
3082,14127,1222,low
3083,9246,4342,low
3084,3918,4174,high
3085,8416,5366,low
3086,5232,10639,low
3087,5758,1202,low
3088,7997,2628,medium
3089,4355,9618,medium
3090,11589,4733,low
3091,12972,12196,medium
3092,3824,3017,high
3093,12683,11089,low
3094,9280,1649,low
3095,6060,12072,low
3096,7324,2378,medium
3097,2404,9945,low
3098,3721,10175,medium
3099,7316,809,medium
3100,13017,13831,low
3101,5845,4452,high
3102,6210,8228,low
3103,13384,3549,low
3104,2064,6266,medium
3105,11491,10256,medium
3106,8382,10192,low
3107,11607,6912,medium
3108,13785,5365,high
3109,2968,515,low
3110,2368,1105,high
3111,10424,10073,low
3112,4242,5408,low
3113,7002,8506,low
3114,5083,12075,medium
3115,10073,9586,medium
3116,11112,10259,low
3117,10880,6912,low
3118,14464,9105,medium
3119,3469,4620,low
3120,6725,10696,medium
3121,6259,9007,medium
3122,5622,5166,low
3123,12292,5320,high
3124,12457,8335,low
3125,13981,11747,high
3126,2823,2349,medium
3127,5431,2453,medium
3128,8528,9080,low
3129,6151,3269,medium
3130,6213,13231,low
3131,9420,3546,low
3132,10989,8094,low
3133,2779,7340,low
3134,13042,5566,low
3135,4892,2915,medium
3136,7534,2889,medium
3137,12085,6424,low
3138,5306,8995,medium
3139,4902,1263,low
3140,14995,8041,medium
3141,5718,10665,medium
3142,2021,1315,low
3143,3500,6755,medium
3144,11034,1377,low
3145,11952,7673,low
3146,5641,7573,medium
3147,7212,5298,low
3148,2191,7489,low
3149,10587,5539,low
3150,9174,11018,medium
3151,7114,11121,low
3152,6662,10752,low
3153,6326,13090,medium
3154,11065,10271,medium
3155,12813,12947,low
3156,6335,10893,low
3157,10281,6824,low
3158,12471,12289,low
3159,10648,9895,low
3160,12472,11116,medium
3161,14641,12567,medium
3162,11196,3323,medium
3163,14726,5787,low
3164,7494,3785,medium
3165,10536,13961,low
3166,4711,10755,high
3167,9595,13902,medium
3168,14944,13931,low
3169,8273,10671,medium
3170,8284,13040,low
3171,12654,11823,medium
3172,11308,7933,low
3173,10817,6674,low
3174,14571,11784,medium
3175,12171,5326,low
3176,5994,4164,medium
3177,3678,11028,low
3178,10414,12306,medium
3179,2743,997,medium
3180,2462,12509,low
3181,3568,8141,low
3182,13539,5143,low
3183,3736,5556,low
3184,14231,631,low
3185,9903,5943,medium
3186,14143,1357,high
3187,9002,13943,medium
3188,10856,9212,medium
3189,3356,8721,medium
3190,3014,6647,medium
3191,12324,12088,low
3192,12860,5104,high
3193,3054,9952,medium
3194,3764,2058,low
3195,8009,515,low
3196,6458,4105,low
3197,13061,13784,low
3198,11604,2107,medium
3199,2667,6435,low
3200,5370,12209,low
3201,7976,2516,high
3202,3394,4074,low
3203,10290,7774,low
3204,6070,10435,low
3205,8982,4291,medium
3206,10613,6906,high
3207,7599,12326,low
3208,5650,1588,medium
3209,14349,1861,low
3210,11324,12064,high
3211,11894,4973,medium
3212,5620,5794,medium
3213,5190,7606,low
3214,10789,7819,high
3215,2391,9167,medium
3216,3075,9981,low
3217,4650,9020,medium
3218,4384,12736,low
3219,2809,10531,medium
3220,10047,1686,low
3221,13501,13225,medium
3222,7501,3914,low
3223,13930,5986,low
3224,8895,4036,low
3225,3159,2273,low
3226,9574,10755,low
3227,3531,10536,low
3228,7481,5915,low
3229,9548,13655,low
3230,6976,3058,low
3231,7695,6407,medium
3232,12874,5579,low
3233,10445,9954,high
3234,5548,7224,medium
3235,13377,5920,medium
3236,8163,3791,low
3237,8671,9710,medium
3238,7264,10481,low
3239,3231,4024,low
3240,4423,4004,low
3241,13767,9498,medium
3242,10071,6489,low
3243,6261,3166,low
3244,11765,13929,high
3245,4908,9096,medium
3246,6712,7640,low
3247,8755,9285,low
3248,11817,7395,medium
3249,14190,12641,low
3250,5883,4607,low
3251,5515,3780,low
3252,5403,2712,high
3253,6598,8578,medium
3254,7008,10234,medium
3255,8222,8101,medium
3256,14872,1113,low
3257,12150,1368,low
3258,6009,1311,low
3259,4735,10514,low
3260,6491,5362,low
3261,13366,4677,medium
3262,10593,2244,medium
3263,2974,2756,medium
3264,2223,8112,low
3265,6613,12734,medium
3266,8777,12359,medium
3267,10427,9213,low
3268,13690,7696,medium
3269,6211,5923,low
3270,13426,5589,low
3271,2225,7108,low
3272,12469,10217,low
3273,10183,1969,low
3274,6277,3175,medium
3275,3341,2013,high
3276,6036,5376,medium
3277,10401,1951,medium
3278,5727,5154,low
3279,5928,12122,medium
3280,4803,3507,low
3281,11301,3624,low
3282,8558,2253,low
3283,12218,13647,low
3284,2393,2112,low
3285,8839,3775,low
3286,11035,9247,low
3287,11716,12943,high
3288,10795,2549,low
3289,2581,1324,low
3290,12131,11541,low
3291,2132,3530,medium
3292,4838,1581,low
3293,5385,12017,low
3294,5770,5799,low
3295,4268,992,low
3296,2975,5264,low
3297,9605,7702,low
3298,9213,8766,low
3299,12005,11683,low
3300,13455,3860,low
3301,11735,9062,medium
3302,4835,5182,low
3303,4738,828,low
3304,11549,13377,low
3305,6134,10482,high
3306,11508,9468,low
3307,8833,10714,low
3308,10353,5174,medium
3309,3909,4816,low
3310,11319,9879,low
3311,14062,10195,low
3312,11850,11983,medium
3313,13317,6303,low
3314,3963,3825,medium
3315,7153,8879,high
3316,12481,1714,low
3317,2966,8056,low
3318,2889,11978,low
3319,5061,12138,low
3320,8461,9801,low
3321,8166,11213,high
3322,13821,13631,medium
3323,8967,12571,medium
3324,13381,9222,low
3325,12940,9762,medium
3326,11858,3636,high
3327,13258,9654,medium
3328,10101,7118,low
3329,9379,5765,medium
3330,11633,7589,low
3331,9280,8465,low
3332,3067,10097,low
3333,6223,11829,medium
3334,13115,9208,medium
3335,14445,11856,low
3336,14048,7069,low
3337,11018,1991,low
3338,6607,5713,low
3339,5985,12381,low
3340,12284,4728,low
3341,5179,8008,medium
3342,6538,4909,low
3343,14093,1090,low
3344,4362,7879,low
3345,4224,10235,high
3346,8371,3556,medium
3347,3726,2706,medium
3348,12198,12031,low
3349,7791,3208,low
3350,10073,6481,low
3351,10458,12721,medium
3352,9013,6222,high
3353,2837,1247,medium
3354,6584,9492,medium
3355,14989,7053,medium
3356,2686,1997,low
3357,13553,1879,high
3358,2356,9371,low
3359,14007,7860,low
3360,11063,4270,low
3361,12165,3842,low
3362,6647,9588,low
3363,12002,2046,low
3364,6418,3626,low
3365,12833,6389,low
3366,12420,6708,low
3367,8642,9375,low
3368,5391,1795,low
3369,14370,1885,low
3370,12542,1442,medium
3371,6357,3780,medium
3372,6879,1533,medium
3373,7319,3286,medium
3374,4739,2733,low
3375,12922,12337,medium
3376,11510,2120,low
3377,11727,4035,low
3378,6784,3705,medium
3379,12635,3382,low
3380,11964,13596,medium
3381,13401,670,medium
3382,2877,8640,medium
3383,4870,10245,high
3384,13392,4397,low
3385,14336,10287,low
3386,13939,10315,low
3387,13028,4622,low
3388,2292,5609,medium
3389,11843,9783,medium
3390,14823,3337,medium
3391,14598,9099,low
3392,10728,5728,low
3393,4686,4669,low
3394,2233,7221,low
3395,12844,1179,medium
3396,4374,7929,low
3397,4272,5987,low
3398,2966,13636,low
3399,2889,13657,medium
3400,5863,736,medium
3401,8154,11466,low
3402,5400,12129,low
3403,10226,12049,low
3404,6542,7304,low
3405,5523,11569,medium
3406,3763,13693,medium
3407,5291,2923,low
3408,4488,13406,low
3409,12892,11839,high
3410,3558,1532,low
3411,6690,6839,medium
3412,8121,11546,low
3413,4276,3440,low
3414,14198,12393,low
3415,6439,5909,low
3416,3103,12762,high
3417,9520,3632,low
3418,11611,7580,low
3419,7409,12152,low
3420,11670,5442,low
3421,14106,7461,low
3422,13934,10615,low
3423,9869,8230,medium
3424,4956,1133,low
3425,9710,7322,low
3426,8017,13805,high
3427,11574,4603,low
3428,12766,10084,high
3429,5384,13856,low
3430,11761,6987,medium
3431,12086,3946,medium
3432,12435,6238,medium
3433,12058,3598,high
3434,2028,8597,low
3435,10897,13636,high
3436,11212,5976,low
3437,12255,8753,low
3438,11638,5681,low
3439,9756,11161,low
3440,8948,2317,low
3441,13856,9324,low
3442,13179,5387,low
3443,7755,3098,medium
3444,5602,12143,medium
3445,7062,9992,low
3446,13877,3153,low
3447,10071,1954,low
3448,9244,1638,low
3449,8372,6307,low
3450,9105,3692,low
3451,13560,13312,low
3452,5581,6616,high
3453,4762,13686,low
3454,14229,10902,low
3455,2572,13574,low
3456,9705,4259,low
3457,14280,3529,low
3458,2614,10052,medium
3459,6050,11118,low
3460,2325,12960,low
3461,5740,5595,high
3462,2358,563,medium
3463,5777,1845,medium
3464,7906,1474,low
3465,12563,4661,medium
3466,3721,6462,low
3467,3349,12320,low
3468,5696,10314,low
3469,5896,9149,low
3470,6260,7096,low
3471,11788,3830,low
3472,11819,2240,high
3473,8941,11718,high
3474,12694,6555,medium
3475,5808,6821,low
3476,7246,2454,medium
3477,10384,779,low
3478,12866,2891,medium
3479,5845,9732,low
3480,4577,6939,medium
3481,2091,1461,low
3482,6234,7327,medium
3483,10672,12537,high
3484,8592,1717,low
3485,13108,11912,low
3486,14627,9066,high
3487,10128,6507,low
3488,3075,4630,medium
3489,4513,1892,low
3490,10168,2576,low
3491,8861,9466,low
3492,10990,4816,low
3493,14762,6696,medium
3494,14141,12116,low
3495,2604,10815,low
3496,4979,5089,low
3497,9140,12285,low
3498,9065,8642,medium
3499,6916,6760,high
3500,8800,8971,low
3501,2597,8397,medium
3502,11724,5341,medium
3503,9320,11503,low
3504,10705,11034,high
3505,7622,7661,low
3506,3877,10166,low
3507,14164,10549,medium
3508,14035,13884,low
3509,3699,11581,medium
3510,11221,1559,medium
3511,14787,2422,low
3512,7780,12491,medium
3513,2716,6601,low
3514,6086,5092,low
3515,2665,6849,medium
3516,9846,2973,high
3517,8611,8608,low
3518,12400,12831,low
3519,3079,8596,medium
3520,10419,10543,medium
3521,10340,12233,medium
3522,3069,7248,low
3523,7263,5049,low
3524,9951,1094,low
3525,14919,5952,medium
3526,3363,1006,low
3527,6508,5389,low
3528,3755,8137,high
3529,2519,8712,low
3530,7463,1899,high
3531,13736,3701,medium
3532,12514,8354,medium
3533,9233,7263,low
3534,3102,11153,low
3535,2597,8462,medium
3536,5273,5690,medium
3537,14241,6181,medium
3538,7781,4178,low
3539,12797,836,medium
3540,8256,2167,medium
3541,9258,12268,medium
3542,12380,1409,medium
3543,10780,8967,medium
3544,8554,9583,medium
3545,14664,8704,low
3546,11599,5622,low
3547,10002,8653,low
3548,6846,12749,low
3549,14914,11717,low
3550,13582,1473,low
3551,13632,4770,low
3552,11821,12662,low
3553,11186,1908,medium
3554,6798,10635,high
3555,8605,2788,low
3556,12251,9238,high
3557,14764,1718,low
3558,4986,1920,low
3559,2400,10146,low
3560,4855,3877,low
3561,12416,8001,medium
3562,5412,11464,medium
3563,2056,4598,low
3564,10022,3238,low
3565,3875,8119,low
3566,6543,12439,low
3567,6298,2342,low
3568,5768,9438,low
3569,7752,3316,medium
3570,6833,9563,high
3571,14489,994,low
3572,3353,7060,high
3573,12602,6010,low
3574,6987,3944,low
3575,8597,13415,low
3576,6311,9767,medium
3577,12794,8043,high
3578,4934,8062,medium
3579,2022,4494,low
3580,12394,12929,medium
3581,3209,7753,low
3582,12488,545,medium
3583,10940,11748,low
3584,2804,2557,low
3585,10325,1163,low
3586,6416,5168,medium
3587,12629,2529,low
3588,10625,6217,medium
3589,7141,3196,low
3590,6968,13700,medium
3591,5671,9331,medium
3592,13928,3163,medium
3593,9292,3245,low
3594,9001,5504,low
3595,14231,6821,low
3596,4098,13656,medium
3597,13109,5625,low
3598,10444,5448,low
3599,7061,4902,low
3600,11321,11287,low
3601,5264,3927,medium
3602,7435,6412,low
3603,10493,894,medium
3604,8691,4097,low
3605,12169,13536,low
3606,4763,11024,low
3607,6005,829,low
3608,5241,10789,low
3609,5057,1272,medium
3610,2550,8635,low
3611,7574,2145,medium
3612,7411,10424,low
3613,3587,13165,low
3614,12014,2287,medium
3615,7920,10315,low
3616,7260,1499,low
3617,13409,2348,low
3618,13688,2061,low
3619,6409,1273,medium
3620,14471,7811,low
3621,7783,5679,medium
3622,2712,2303,medium
3623,12367,9790,low
3624,7406,2550,high
3625,9990,10290,low
3626,9420,1247,high
3627,14264,8625,low
3628,14041,6360,medium
3629,8843,4473,low
3630,4433,11014,low
3631,5301,10245,medium
3632,2270,2115,medium
3633,11986,4254,low
3634,12654,13116,low
3635,14485,10994,medium
3636,13586,6006,medium
3637,3079,4721,high
3638,13070,13554,medium
3639,7322,12347,high
3640,14915,12087,medium
3641,10795,5791,low
3642,7257,6354,low
3643,9982,716,medium
3644,11777,12008,medium
3645,13249,1859,low
3646,8214,4274,low
3647,7006,5917,high
3648,5985,5427,low
3649,14881,12969,low
3650,11587,4929,low
3651,13880,5106,low
3652,10791,4978,low
3653,10705,2396,low
3654,7991,7866,low
3655,8227,4927,medium
3656,11258,13976,low
3657,9833,5861,medium
3658,4886,9591,medium
3659,4653,1141,low
3660,11280,5846,medium
3661,14577,5229,low
3662,6864,4127,medium
3663,4514,7094,low
3664,5969,8887,medium
3665,5284,10585,medium
3666,9740,3775,low
3667,6566,4550,low
3668,4196,5053,medium
3669,14375,5425,medium
3670,2789,2804,low
3671,5475,12292,medium
3672,13345,3843,low
3673,11856,2556,medium
3674,3309,3308,low
3675,2864,7592,medium
3676,14055,9916,low
3677,7389,7726,low
3678,5363,1386,low
3679,13716,9084,low
3680,13978,10367,low
3681,10215,11882,low
3682,5003,8220,medium
3683,10502,2946,low
3684,3231,4405,low
3685,9959,6974,low
3686,13980,12030,low
3687,4711,4091,low
3688,8581,12458,low
3689,9705,11219,low
3690,14993,2681,low
3691,2421,12456,low
3692,11965,5511,low
3693,13760,5530,low
3694,2946,854,low
3695,11378,3131,high
3696,3834,2021,low
3697,3564,3172,medium
3698,9332,11870,low
3699,6944,2837,medium
3700,12139,7468,medium
3701,3308,1128,low
3702,4986,7662,high
3703,2386,3179,low
3704,8131,5766,low
3705,11353,4922,medium
3706,5258,10130,medium
3707,8121,7963,low
3708,6811,10113,low
3709,8574,1626,low
3710,8697,11375,low
3711,5933,2280,medium
3712,13039,10223,low
3713,14713,10606,low
3714,3439,9924,low
3715,8169,10648,low
3716,13634,7071,low
3717,6480,9084,medium
3718,2055,1325,high
3719,5324,11655,medium
3720,8777,7776,low
3721,2105,2895,medium
3722,5201,4645,medium
3723,2669,7559,medium
3724,14663,5992,low
3725,10934,13838,low
3726,2966,7611,low
3727,2307,13587,low
3728,4138,10484,low
3729,13656,11756,low
3730,2109,7292,low
3731,5632,10055,medium
3732,8728,11040,low
3733,14627,4051,low
3734,7684,8211,high
3735,8499,4128,high
3736,3915,12028,medium
3737,14455,2065,high
3738,2556,4167,low
3739,9619,10905,high
3740,2104,6959,low
3741,4047,4596,low
3742,2145,1519,low
3743,12955,8428,low
3744,2873,9976,low
3745,2298,8754,medium
3746,5238,11222,medium
3747,10837,12084,low
3748,14925,6465,low
3749,8382,11964,medium
3750,13270,2769,medium
3751,4511,12939,low
3752,8596,9335,medium
3753,2783,5221,low
3754,6992,8908,low
3755,2370,695,high
3756,2486,12556,low
3757,9378,3773,low
3758,12229,5610,medium
3759,5196,11386,medium
3760,11552,7901,low
3761,6287,3712,low
3762,4261,3255,low
3763,12813,2021,medium
3764,11148,6174,low
3765,10572,1580,low
3766,13841,6123,high
3767,2238,1221,low
3768,8843,2062,low
3769,3105,1139,low
3770,3386,4760,medium
3771,12744,13002,low
3772,12441,5690,low
3773,11719,12479,medium
3774,3667,4236,low
3775,14324,8246,low
3776,4691,589,low
3777,9756,11613,low
3778,13864,1751,low
3779,3996,9794,low
3780,3425,5203,low
3781,13004,848,low
3782,10023,12605,medium
3783,8849,4552,high
3784,5247,3441,medium
3785,4592,8937,medium
3786,3490,771,low
3787,3224,2530,high
3788,4587,13190,low
3789,9714,8336,high
3790,5064,11879,high
3791,9804,12198,medium
3792,2832,10157,high
3793,14884,9887,low
3794,4440,11779,low
3795,6795,11700,low
3796,3646,12515,low
3797,2440,7541,low
3798,7956,5675,medium
3799,11721,10306,high
3800,13157,1626,low
3801,4367,4879,medium
3802,8696,9208,high
3803,13478,11357,high
3804,7190,9993,high
3805,6663,8552,low
3806,9062,1111,high
3807,6331,1249,medium
3808,11496,2356,low
3809,5034,9091,low
3810,13880,2026,medium
3811,14165,10716,low
3812,11377,6729,medium
3813,5262,9011,medium
3814,4107,13843,low
3815,9036,9027,low
3816,12032,2598,medium
3817,6320,8365,low
3818,7938,673,low
3819,4747,12711,low
3820,6677,10333,low
3821,9972,1000,high
3822,6264,4146,low
3823,5133,6719,medium
3824,13612,2863,low
3825,3465,10548,low
3826,6109,8040,medium
3827,4211,11844,medium
3828,7539,2396,low
3829,12996,6259,low
3830,11735,10410,low
3831,3689,2278,low
3832,11763,13484,medium
3833,9727,3557,low
3834,9764,13519,low
3835,6541,5690,low
3836,13471,7497,high
3837,5541,11405,high
3838,13215,12520,low
3839,2818,5247,medium
3840,6521,9786,low
3841,3124,545,low
3842,7660,13858,medium
3843,7641,8258,high
3844,3129,10137,high
3845,3702,10888,low
3846,4001,7553,low
3847,8912,3701,medium
3848,5878,955,low
3849,14564,10354,low
3850,9232,3424,low
3851,11998,8298,medium
3852,13139,1465,low
3853,8331,5464,low
3854,8035,2028,high
3855,13401,3476,low
3856,12344,3571,low
3857,14833,13788,low
3858,8523,5369,low
3859,14397,6887,low
3860,10111,3021,low
3861,10736,7025,medium
3862,4401,1626,low
3863,12556,7132,high
3864,11481,13848,low
3865,13957,6273,low
3866,12067,8216,low
3867,14620,3904,low
3868,14879,4992,medium
3869,10974,2843,low
3870,2539,606,low
3871,12974,13741,medium
3872,7615,11269,high
3873,12860,3654,medium
3874,14906,13721,low
3875,14129,13075,medium
3876,4956,4553,low
3877,10077,5301,low
3878,5722,6639,low
3879,14059,6080,low
3880,12025,714,low
3881,7087,5900,low
3882,12338,7375,medium
3883,8460,13131,low
3884,4170,4789,low
3885,5391,4753,low
3886,8942,9156,high
3887,3616,6747,low
3888,14809,6677,low
3889,11108,7769,medium
3890,8458,2872,medium
3891,4756,7334,low
3892,8853,9283,medium
3893,9709,10880,medium
3894,3936,7117,medium
3895,14234,5650,low
3896,5091,9575,medium
3897,14847,8602,low
3898,2968,4658,low
3899,9297,8227,low
3900,13556,5706,low
3901,5203,803,low
3902,8499,13872,medium
3903,7173,13183,low
3904,2889,833,low
3905,10984,11525,low
3906,13650,5006,low
3907,11173,2831,high
3908,9382,5061,low
3909,5531,579,low
3910,13721,4263,low
3911,2801,11523,low
3912,10234,5696,low
3913,5349,10669,medium
3914,10005,1232,high
3915,11969,4476,low
3916,5201,10509,medium
3917,2349,6159,medium
3918,11759,1884,medium
3919,11321,2624,low
3920,13151,7152,low
3921,13979,5783,low
3922,11972,7676,medium
3923,2583,9890,medium
3924,14719,7105,low
3925,5377,6207,low
3926,8028,2792,high
3927,9694,12909,medium
3928,8196,8876,high
3929,9083,12819,medium
3930,5401,1497,low
3931,5185,10678,low
3932,12386,11501,medium
3933,7285,5164,low
3934,11354,2857,low
3935,8772,5991,medium
3936,10490,2179,low
3937,5347,13617,medium
3938,12131,6215,low
3939,2788,11731,high
3940,6945,13867,low
3941,4889,5386,low
3942,11569,7940,medium
3943,7273,11203,low
3944,12141,7321,medium
3945,5272,4027,medium
3946,11069,11718,low
3947,7234,7313,low
3948,13934,3245,low
3949,11769,13781,low
3950,8902,12865,high
3951,13331,11273,medium
3952,9612,12895,medium
3953,4492,11503,medium
3954,12947,4590,low
3955,8745,6658,high
3956,12095,9061,medium
3957,11574,7971,medium
3958,6240,4243,medium
3959,4322,10696,low
3960,12748,10395,medium
3961,7298,7508,low
3962,3861,3824,low
3963,8620,9132,low
3964,12058,3757,high
3965,6047,11598,medium
3966,9581,726,medium
3967,9320,2901,medium
3968,13367,5218,low
3969,3098,1524,high
3970,7247,6172,low
3971,3734,8227,low
3972,6663,12183,low
3973,7909,5780,medium
3974,5416,12948,medium
3975,14818,1370,low
3976,8302,3699,low
3977,9593,2245,medium
3978,2680,5770,low
3979,10163,9135,medium
3980,4070,6386,high
3981,8668,6090,low
3982,10001,13250,low
3983,11921,8397,medium
3984,4191,9164,medium
3985,10859,8771,low
3986,11804,5658,high
3987,9586,8931,low
3988,10872,13344,low
3989,11164,1089,medium
3990,4846,10052,medium
3991,12324,2384,low
3992,4463,5899,medium
3993,8837,13927,low
3994,12721,11008,low
3995,12695,13122,low
3996,6922,9003,medium
3997,6392,1576,low
3998,5183,7735,low
3999,14225,7337,low
4000,5167,533,medium
4001,4997,2341,medium
4002,8521,4981,medium
4003,5227,8940,low
4004,8564,1634,medium
4005,12344,7761,low
4006,11920,5798,medium
4007,4024,13581,high
4008,2329,13639,low
4009,4486,7517,medium
4010,3155,8271,low
4011,12082,9067,low
4012,6477,9415,low
4013,4185,2413,low
4014,9086,4797,low
4015,4317,11184,medium
4016,5621,2442,low
4017,6491,4504,medium
4018,4511,11036,low
4019,9842,1831,low
4020,10641,8390,medium
4021,11546,5088,low
4022,9848,837,low
4023,7404,7566,medium
4024,7393,8313,low
4025,3293,10557,low
4026,4465,11829,low
4027,13294,9483,high
4028,12041,4111,medium
4029,5175,4200,medium
4030,9849,10208,medium
4031,14473,12645,low
4032,13391,6618,low
4033,11425,7605,medium
4034,11629,13729,low
4035,13544,12600,low
4036,14222,3173,low
4037,10444,2622,low
4038,10210,12477,high
4039,4759,7582,low
4040,7255,8750,low
4041,10414,11125,low
4042,2002,2562,high
4043,10130,1754,low
4044,3259,4188,low
4045,10190,4248,medium
4046,6323,6842,medium
4047,7773,4630,low
4048,14786,4757,low
4049,4568,3529,low
4050,3885,3346,low
4051,9060,13682,low
4052,9844,9162,low
4053,8111,4535,low
4054,11491,3399,low
4055,4338,10138,medium
4056,11268,4943,high
4057,5758,5289,medium
4058,13373,13722,low
4059,6810,1412,low
4060,11139,4742,high
4061,8791,8041,low
4062,9171,2211,low
4063,13930,9366,low
4064,4731,1939,medium
4065,14199,11426,medium
4066,2869,6113,low
4067,7166,4130,low
4068,2093,5875,high
4069,4987,7603,low
4070,14847,9377,medium
4071,11967,9818,medium
4072,12452,4716,medium
4073,10627,2966,low
4074,6947,11089,low
4075,8651,8324,low
4076,8979,12829,medium
4077,8794,12130,high
4078,14492,4624,low
4079,8524,1465,low
4080,5144,7428,high
4081,5587,6596,medium
4082,2076,6657,medium
4083,11007,9611,low
4084,10959,8620,low
4085,8553,13605,medium
4086,13877,11564,medium
4087,10297,2008,low
4088,14108,9904,low
4089,8694,1371,low
4090,4873,13082,low
4091,5346,11946,low
4092,9024,1363,high
4093,5148,12645,low
4094,13340,11800,medium
4095,11657,3555,low
4096,12779,5633,medium
4097,2244,12686,high
4098,4625,3182,low
4099,5849,13382,low
4100,11597,5778,low
4101,11173,5948,low
4102,9737,1113,medium
4103,14000,2372,high
4104,10333,11846,low
4105,2892,8223,low
4106,7487,7689,low
4107,9251,13943,medium
4108,9310,13252,low
4109,4399,12065,low
4110,6640,5886,medium
4111,4960,7442,medium
4112,12391,11883,low
4113,9325,9259,medium
4114,3469,12825,low
4115,12892,744,low
4116,13197,520,medium
4117,5374,13921,medium
4118,14911,9085,low
4119,10847,13774,low
4120,12960,6267,low
4121,10234,12506,low
4122,12503,10747,low
4123,9923,4015,low
4124,7122,11067,low
4125,11852,2410,medium
4126,7387,8981,medium
4127,14883,6382,medium
4128,9631,11250,low
4129,9226,13699,high
4130,7108,9052,medium
4131,4224,8576,medium
4132,4110,2122,medium
4133,2957,4814,high
4134,9146,12786,low
4135,2560,2953,low
4136,11522,2515,medium
4137,9413,10732,medium
4138,3312,10736,medium
4139,3821,3300,low
4140,13194,11662,low
4141,13595,9523,low
4142,7646,10485,high
4143,6945,12384,low
4144,7374,10483,low
4145,4651,11533,low
4146,12006,13382,low
4147,11933,10846,medium
4148,6701,9272,medium
4149,14000,7252,medium
4150,4877,7953,low
4151,7582,3353,medium
4152,13462,2736,low
4153,7390,4676,medium
4154,6083,2655,low
4155,2745,10036,low
4156,10749,6198,medium
4157,13493,7329,high
4158,2941,9037,low
4159,6023,2386,medium
4160,4296,6971,low
4161,2939,9246,low
4162,3610,4270,low
4163,8300,13089,low
4164,3725,8891,low
4165,11176,3440,low
4166,11779,3990,low
4167,14213,13850,high
4168,11528,8399,low
4169,13329,806,medium
4170,10853,3575,low
4171,9187,2156,medium
4172,2032,7744,low
4173,7985,7111,low
4174,5414,6822,low
4175,3156,3192,low
4176,5126,2264,low
4177,10252,775,medium
4178,14120,5771,medium
4179,3543,7831,medium
4180,2271,12053,medium
4181,7295,10093,low
4182,6076,13425,low
4183,13580,10467,low
4184,7902,12073,low
4185,12944,5525,low
4186,4709,4550,low
4187,11346,8580,low
4188,7221,3960,low
4189,14597,10572,medium
4190,14045,4335,medium
4191,11937,4778,low
4192,13624,2344,high
4193,10529,12069,high
4194,8722,571,low
4195,10201,7886,low
4196,6144,7362,low
4197,7606,7840,high
4198,8766,10368,medium
4199,2730,9987,low
4200,6890,8135,low
4201,3648,1543,low
4202,6228,11317,low
4203,13846,3542,low
4204,4130,1314,medium
4205,14663,6122,medium
4206,12588,10886,medium
4207,6366,12192,medium
4208,3506,7832,medium
4209,4158,809,low
4210,4916,7161,medium
4211,14363,10753,low
4212,5229,4727,medium
4213,13795,2377,low
4214,11858,11494,medium
4215,14616,2986,low
4216,8265,7386,low
4217,6136,5335,low
4218,13161,12437,low
4219,4689,1294,medium
4220,9190,7286,medium
4221,12518,4514,low
4222,4810,7892,low
4223,12708,13045,low
4224,13663,5853,low
4225,8152,3907,low
4226,2012,11148,medium
4227,13162,10543,low
4228,7938,1474,low
4229,9999,9739,low
4230,9219,13058,low
4231,7328,13906,low
4232,5621,4737,medium
4233,5683,12481,low
4234,9872,13689,low
4235,13665,11713,low
4236,7310,7748,low
4237,13314,4869,low
4238,13656,8550,high
4239,2652,12721,medium
4240,7799,964,low
4241,10812,5827,low
4242,5790,5915,low
4243,3645,8615,low
4244,12435,787,medium
4245,6512,3695,medium
4246,6759,9567,low
4247,13683,2492,low
4248,7874,7950,low
4249,13903,3425,medium
4250,5688,1620,medium
4251,9689,5810,low
4252,3379,946,low
4253,6243,11524,medium
4254,12237,12260,low
4255,13240,7127,low
4256,11580,3396,low
4257,8507,1221,medium
4258,9819,2663,low
4259,10593,11274,low
4260,4653,10043,medium
4261,7611,4480,low
4262,8127,5002,low
4263,14516,12076,low
4264,5923,2225,low
4265,10459,9385,medium
4266,7912,3913,low
4267,7130,994,low
4268,7439,1447,low
4269,9880,522,medium
4270,14413,1628,medium
4271,8449,1057,low
4272,3725,10308,low
4273,11304,13728,medium
4274,9522,4230,low
4275,12867,5841,medium
4276,6784,7498,medium
4277,11472,7682,medium
4278,3232,7534,low
4279,14568,2156,low
4280,14730,4673,medium
4281,12055,5941,low
4282,14676,9498,low
4283,10808,3812,medium
4284,10338,13829,medium
4285,9446,13555,low
4286,6616,9145,low
4287,6725,11667,low
4288,5677,2824,medium
4289,8287,10139,high
4290,10480,6095,low
4291,3409,13838,low
4292,10205,11253,medium
4293,2256,6484,low
4294,3721,3011,low
4295,3423,11563,high
4296,6953,862,low
4297,4990,3954,medium
4298,3195,3298,low
4299,6559,5120,low
4300,6365,12145,medium
4301,3244,3755,low
4302,13415,1717,high
4303,8766,1985,low
4304,7302,10795,low
4305,13662,5849,low
4306,14359,11228,low
4307,14161,7695,low
4308,3306,10547,low
4309,12313,8250,low
4310,4402,13509,low
4311,2496,6579,medium
4312,5399,9899,medium
4313,13798,10140,medium
4314,2909,8535,low
4315,2372,2007,low
4316,14649,1503,medium
4317,8236,6903,low
4318,3344,1425,low
4319,10515,13643,medium
4320,4431,8775,medium
4321,6670,7083,low
4322,4784,12434,low
4323,12585,4427,medium
4324,14112,10234,low
4325,11407,1485,medium
4326,3695,4731,medium
4327,3907,5802,medium
4328,6814,5791,low
4329,2780,1408,low
4330,3019,11600,medium
4331,13457,13377,medium
4332,3403,5551,medium
4333,3426,11429,low
4334,10855,3086,low
4335,7868,9835,medium
4336,12839,1831,medium
4337,2010,7351,high
4338,8330,12040,medium
4339,11230,10245,low
4340,4825,11034,medium
4341,9464,2306,medium
4342,5003,10792,low
4343,14872,1305,medium
4344,11267,4647,low
4345,9195,11467,low
4346,8720,571,medium
4347,5088,527,low
4348,3789,9160,low
4349,5036,4483,low
4350,9377,9455,low
4351,9598,7555,low
4352,6838,7190,low
4353,7872,10116,high
4354,5653,10940,low
4355,13367,4332,low
4356,6299,13607,low
4357,11268,12752,medium
4358,2973,12762,low
4359,9083,10367,medium
4360,7494,1059,medium
4361,12057,8457,medium
4362,13317,13166,low
4363,11491,4331,medium
4364,5406,10610,low
4365,7150,7844,high
4366,11350,5671,medium
4367,5129,578,low
4368,2104,5429,low
4369,9433,4147,low
4370,9689,1531,medium
4371,5567,7881,low
4372,6348,2572,low
4373,6390,13237,low
4374,8811,7411,medium
4375,3181,6588,medium
4376,6644,1984,medium
4377,13330,10937,medium
4378,7873,6338,low
4379,6394,2050,low
4380,5534,13477,medium
4381,7844,5997,low
4382,7939,5182,low
4383,14388,2329,low
4384,13319,4251,low
4385,8475,6581,low
4386,3774,13414,medium
4387,14006,10723,low
4388,10283,7101,low
4389,2446,4959,low
4390,2108,4356,medium
4391,14604,10874,low
4392,5239,13161,medium
4393,7931,6682,medium
4394,6053,6583,low
4395,6537,8470,high
4396,8361,2594,high
4397,3245,12595,medium
4398,4720,6738,medium
4399,10469,3532,low
4400,13248,2048,low
4401,14856,13957,low
4402,9741,9059,low
4403,7105,564,high
4404,4922,3799,low
4405,4513,5349,medium
4406,11030,6139,medium
4407,4801,2535,medium
4408,8981,11555,high
4409,10221,10568,low
4410,8502,6174,low
4411,8038,13543,low
4412,8229,2728,low
4413,11449,6120,low
4414,2364,1096,low
4415,3800,4106,medium
4416,7958,11366,low
4417,11096,4389,low
4418,9436,4006,medium
4419,6793,10526,low
4420,12370,1895,low
4421,13042,10278,medium
4422,10160,8029,medium
4423,13028,8803,medium
4424,14638,952,low
4425,2179,11495,medium
4426,5873,7836,medium
4427,5960,3131,low
4428,3186,2686,medium
4429,14151,6467,medium
4430,2773,6874,low
4431,14797,5858,low
4432,6460,4848,high
4433,2352,10696,medium
4434,8943,1959,low
4435,7202,2442,medium
4436,7344,12185,low
4437,6507,5922,low
4438,6830,10549,low
4439,13220,5696,high
4440,2117,561,high
4441,2481,1994,low
4442,6287,1680,low
4443,12829,13593,low
4444,8802,6768,high
4445,10298,3288,high
4446,6477,10567,medium
4447,8533,10900,medium
4448,2243,5136,medium
4449,12824,5221,low
4450,9012,6210,low
4451,14755,8202,low
4452,2865,605,medium
4453,13173,9846,medium
4454,11753,12120,low
4455,7329,4587,high
4456,2603,10400,low
4457,7756,11515,low
4458,13254,4425,medium
4459,6018,2408,medium
4460,7192,2549,medium
4461,4015,13156,low
4462,11850,9966,low
4463,5380,9637,medium
4464,13959,8672,low
4465,5770,4404,low
4466,7829,10919,medium
4467,3613,4296,low
4468,3879,792,medium
4469,7372,13371,medium
4470,6108,10914,low
4471,12538,6766,low
4472,11291,6870,medium
4473,11266,12665,medium
4474,10978,11183,medium
4475,2148,11167,medium
4476,3754,5360,medium
4477,12361,4229,high
4478,9378,8462,low
4479,8681,6010,low
4480,5756,9119,low
4481,11371,7261,low
4482,13501,11664,low
4483,12615,6610,low
4484,14369,7455,high
4485,14779,606,low
4486,11116,12311,low
4487,7392,5254,low
4488,11795,12025,low
4489,5052,12684,low
4490,7692,5778,low
4491,6218,6908,low
4492,6803,8135,medium
4493,4377,1725,medium
4494,13672,12696,medium
4495,7086,4750,medium
4496,5182,12060,low
4497,13009,1395,medium
4498,5160,12597,medium
4499,8576,2120,low
4500,14997,5588,medium
4501,10903,12555,low
4502,4586,10984,medium
4503,4648,5919,high
4504,9313,1885,low
4505,3717,12591,medium
4506,14544,12284,medium
4507,7308,2933,high
4508,9407,11498,low
4509,2870,12075,medium
4510,5574,1801,low
4511,7827,7358,low
4512,9986,9450,low
4513,10462,9438,high
4514,11735,9284,medium
4515,10741,6144,medium
4516,14855,11578,high
4517,14206,12803,low
4518,14646,5588,low
4519,7769,9760,low
4520,7733,5940,low
4521,11904,7993,low
4522,5240,6791,low
4523,11554,3807,low
4524,6893,9394,low
4525,11476,5208,low
4526,2886,604,low
4527,7854,10189,high
4528,7318,4333,medium
4529,4258,895,high
4530,6382,4017,low
4531,3785,11345,low
4532,13735,3791,medium
4533,9727,2510,low
4534,2295,12573,low
4535,12245,13638,low
4536,4597,10680,low
4537,2680,5037,low
4538,6890,10360,low
4539,6298,5468,medium
4540,2324,5262,low
4541,9952,1551,low
4542,12483,3341,medium
4543,14614,7118,low
4544,2986,5223,low
4545,5118,7972,medium
4546,2760,8413,low
4547,9758,6024,low
4548,13885,4084,low
4549,11228,9039,low
4550,2906,1763,low
4551,7499,13805,medium
4552,2364,5165,low
4553,9769,8514,low
4554,5413,11434,low
4555,10027,10765,low
4556,9939,11840,medium
4557,11261,1851,low
4558,14561,7480,low
4559,12447,11513,low
4560,13878,7690,low
4561,14411,4327,low
4562,5081,9361,medium
4563,7448,13505,low
4564,5258,3146,low
4565,4107,766,low
4566,9928,10130,medium
4567,4933,11385,low
4568,4829,7934,medium
4569,10633,1522,medium
4570,7006,8447,medium
4571,3559,2537,low
4572,3741,9256,low
4573,7830,8278,medium
4574,9523,1559,high
4575,2625,1924,medium
4576,14055,4623,low
4577,3690,719,low
4578,12973,905,low
4579,10282,10329,medium
4580,8310,2818,low
4581,5006,10451,low
4582,6302,10366,medium
4583,3088,9483,low
4584,8007,12274,medium
4585,6611,5558,low
4586,11372,1809,low
4587,9928,8121,low
4588,12093,12525,medium
4589,6490,5429,low
4590,10378,13104,low
4591,3597,10022,high
4592,13600,13138,low
4593,5747,9202,low
4594,4670,11264,low
4595,10431,12621,low
4596,4580,9183,medium
4597,14428,2117,low
4598,9432,10748,low
4599,10330,2020,low
4600,4506,8392,medium
4601,14357,2083,low
4602,14672,7204,low
4603,6725,8488,low
4604,12437,7083,low
4605,6300,2075,low
4606,11941,12638,low
4607,10759,7435,medium
4608,9002,10453,low
4609,11073,10683,high
4610,8131,11871,high
4611,10831,12018,low
4612,14153,6676,low
4613,14612,9738,low
4614,6537,11584,medium
4615,4335,3113,low
4616,6321,4392,low
4617,4985,12836,low
4618,2559,9153,medium
4619,2713,7233,medium
4620,6593,4931,low
4621,5988,8612,medium
4622,8203,1881,low
4623,2256,9837,low
4624,10768,4015,medium
4625,2037,4954,low
4626,12264,8269,low
4627,14697,6989,low
4628,10652,8884,medium
4629,11632,4034,medium
4630,14670,1255,medium
4631,3832,10376,medium
4632,14856,3025,low
4633,9600,1327,low
4634,7167,9581,low
4635,13591,5248,low
4636,2432,11147,low
4637,6151,2833,high
4638,8411,5446,low
4639,3751,8802,low
4640,12239,13407,low
4641,6997,8546,low
4642,7720,9484,high
4643,9616,7681,low
4644,13032,13945,low
4645,2256,13375,medium
4646,2671,11335,low
4647,2489,3914,low
4648,8889,10001,low
4649,13906,6957,low
4650,4096,7249,high
4651,3682,796,medium
4652,14603,10321,low
4653,4460,1068,medium
4654,6529,5783,low
4655,7121,13619,low
4656,14104,8164,low
4657,3975,13397,low
4658,5216,12803,low
4659,11581,8011,medium
4660,6515,5965,high
4661,7692,8763,low
4662,14048,13057,low
4663,11776,4882,low
4664,6939,565,low
4665,7563,1379,low
4666,4963,8759,low
4667,6529,9908,medium
4668,8786,7722,low
4669,8200,11719,low
4670,2976,5569,low
4671,9345,3739,low
4672,13556,12172,low
4673,2045,1007,medium
4674,3193,8204,low
4675,13534,12406,medium
4676,6512,11576,low
4677,6943,1625,low
4678,8282,1385,low
4679,2246,3341,medium
4680,5219,8475,low
4681,14517,12569,medium
4682,10983,7065,low
4683,2636,6583,medium
4684,5775,5370,low
4685,4421,3025,medium
4686,11280,9617,low
4687,6183,4715,high
4688,13351,2438,low
4689,2712,12506,low
4690,7845,12054,low
4691,7323,13275,medium
4692,8032,3732,low
4693,14888,4244,medium
4694,5644,6721,low
4695,9773,3965,low
4696,14082,940,low
4697,12778,12303,high
4698,14501,961,medium
4699,4108,9303,high
4700,14985,5913,low
4701,5614,12163,medium
4702,11434,6255,medium
4703,12251,5512,low
4704,8957,3663,medium
4705,13678,7252,high
4706,7279,505,medium
4707,6332,5276,medium
4708,14002,7538,low
4709,5900,6914,low
4710,12797,6239,high
4711,14934,4470,low
4712,9939,11550,medium
4713,13226,3106,medium
4714,8963,598,medium
4715,6568,1025,high
4716,9838,6837,low
4717,14399,1680,low
4718,14243,8567,low
4719,13555,10381,low
4720,14213,9830,low
4721,3845,4991,low
4722,2382,13557,medium
4723,6112,6422,high
4724,14780,3571,low
4725,9069,6141,low
4726,5810,11619,high
4727,12088,7881,low
4728,3509,3292,low
4729,9573,5278,low
4730,14404,514,low
4731,3578,2915,low
4732,2879,3185,high
4733,4162,11592,low
4734,11764,9928,low
4735,11840,8659,low
4736,9714,8426,low
4737,14931,4600,medium
4738,3359,6874,medium
4739,6431,6504,medium
4740,10148,6021,low
4741,13161,11912,high
4742,5960,10299,medium
4743,5811,12255,medium
4744,6242,7655,low
4745,6217,3797,low
4746,2080,3133,low
4747,4732,4390,medium
4748,9833,12956,low
4749,4709,11500,low
4750,4422,1291,medium
4751,5641,9691,medium
4752,14791,651,high
4753,2667,3563,low
4754,4496,6867,medium
4755,5499,13291,low
4756,13690,8404,low
4757,11636,2591,low
4758,11537,5099,low
4759,10080,12774,low
4760,8823,12718,medium
4761,3189,7908,low
4762,8604,3477,medium
4763,10650,1342,low
4764,11404,13138,low
4765,14751,4293,low
4766,11103,10762,low
4767,3025,2159,low
4768,9785,9289,low
4769,12603,5662,low
4770,2071,11205,low
4771,7546,12827,low
4772,4685,6946,high
4773,11385,4770,low
4774,9372,13786,medium
4775,3848,4103,medium
4776,12576,7264,high
4777,4022,1716,medium
4778,8338,2791,low
4779,5741,13623,medium
4780,14940,4311,medium
4781,3298,13847,low
4782,6102,5493,low
4783,2904,5642,low
4784,5026,7362,medium
4785,12220,9623,medium
4786,8709,10830,low
4787,6711,7033,low
4788,10021,12694,low
4789,7969,8026,low
4790,4620,3478,high
4791,4646,5847,low
4792,6865,12584,low
4793,9345,8433,low
4794,4289,13849,medium
4795,9370,5095,low
4796,5872,11610,medium
4797,11677,11256,low
4798,13343,6711,low
4799,9690,10455,low
4800,3440,2670,low
4801,2765,9027,low
4802,14671,9868,high
4803,12630,3521,medium
4804,6092,9470,high
4805,14975,8336,low
4806,11341,1685,high
4807,13757,3785,low
4808,14334,3947,low
4809,12164,4491,low
4810,4666,11162,low
4811,10655,9630,medium
4812,7968,5399,low
4813,14410,12698,low
4814,9641,2435,medium
4815,4181,9325,low
4816,11834,9945,low
4817,5888,9774,low
4818,2840,10835,medium
4819,12846,1785,medium
4820,7899,9045,low
4821,6118,7979,low
4822,2565,5755,low
4823,8005,2385,medium
4824,11156,10510,low
4825,12474,5562,low
4826,11187,7566,low
4827,9226,11212,low
4828,11379,12700,low
4829,7890,3522,medium
4830,6311,11276,low
4831,13446,5765,low
4832,9736,2047,medium
4833,10848,12710,medium
4834,4982,4704,low
4835,11305,8090,low
4836,8083,1868,low
4837,14598,12029,high
4838,2556,2257,low
4839,5019,13781,high
4840,12496,10209,medium
4841,4580,5417,low
4842,10146,3984,low
4843,10243,12377,low
4844,11553,13724,low
4845,11386,3552,low
4846,6019,11388,medium
4847,5138,8882,high
4848,11840,1432,low
4849,2671,4737,medium
4850,2777,7740,low
4851,6927,3738,low
4852,12471,10907,low
4853,5022,1065,medium
4854,3860,5878,high
4855,5139,6058,medium
4856,3074,9826,low
4857,11908,1243,low
4858,11475,9364,low
4859,14878,11603,low
4860,8763,9222,medium
4861,3986,5909,medium
4862,12825,11713,medium
4863,11193,9253,low
4864,8327,6129,low
4865,3046,6818,low
4866,4176,801,low
4867,4338,4267,low
4868,12047,4780,medium
4869,2500,8006,medium
4870,4233,9201,low
4871,14766,7462,low
4872,12731,5929,low
4873,6608,7748,low
4874,13906,3945,medium
4875,9234,2703,low
4876,9972,3334,low
4877,8610,9486,low
4878,12524,2979,medium
4879,2600,10215,low
4880,6284,5356,low
4881,11180,10886,low
4882,12073,11220,medium
4883,6483,934,high
4884,7901,10730,low
4885,8129,2206,medium
4886,3754,8760,high
4887,4464,6225,high
4888,12415,2404,medium
4889,6482,7518,medium
4890,11686,4459,low
4891,11044,11643,medium
4892,9400,7325,low
4893,8806,6847,medium
4894,10643,13341,low
4895,12516,6656,medium
4896,9396,3213,medium
4897,9338,12061,low
4898,11950,6694,medium
4899,14500,13287,low
4900,13545,7012,medium
4901,14328,7367,low
4902,7241,4227,low
4903,9394,11096,high
4904,8437,12017,low
4905,6695,4046,medium
4906,13530,2803,low
4907,4588,4181,low
4908,3782,8352,low
4909,7947,3721,low
4910,8594,4874,low
4911,5520,1582,low
4912,11971,9137,low
4913,13324,13623,low
4914,13765,13542,high
4915,5218,2092,high
4916,5757,6108,low
4917,6016,6026,medium
4918,4837,5679,low
4919,12573,6972,medium
4920,8000,3275,medium
4921,9034,12508,high
4922,9309,11745,low
4923,6239,2090,medium
4924,14128,6504,low
4925,6428,7730,high
4926,11611,2731,low
4927,6150,5618,medium
4928,11522,6954,medium
4929,13109,8460,medium
4930,3446,2061,low
4931,11632,12964,high
4932,13936,4146,low
4933,13036,8096,medium
4934,8468,7740,low
4935,7790,5442,low
4936,6175,3738,low
4937,7080,2100,low
4938,2864,6200,low
4939,8860,6571,low
4940,10663,10748,low
4941,8217,13023,medium
4942,7672,1209,medium
4943,3502,3471,low
4944,6684,11424,low
4945,3410,1293,low
4946,5770,3599,low
4947,12097,11547,medium
4948,6659,6530,medium
4949,6001,6265,low
4950,13696,526,low
4951,5483,7193,low
4952,6562,11959,medium
4953,2598,5822,high
4954,11183,8776,low
4955,12124,6451,low
4956,12976,3601,medium
4957,5041,7109,high
4958,10160,9814,low
4959,8391,5809,low
4960,9287,511,low
4961,2066,8270,low
4962,10123,13800,low
4963,13590,10440,low
4964,4750,11801,low
4965,10661,10568,low
4966,11916,11311,medium
4967,8806,5913,low
4968,8429,6274,low
4969,10123,679,low
4970,14177,1296,low
4971,3631,7779,high
4972,8452,12505,low
4973,2774,7688,low
4974,13204,7812,medium
4975,8107,2524,low
4976,9804,8166,high
4977,12695,3717,low
4978,11678,7084,low
4979,6019,9578,low
4980,14419,11160,low
4981,2929,12079,medium
4982,5012,5785,medium
4983,7024,7870,low
4984,8264,2019,low
4985,9973,7111,medium
4986,11697,7356,high
4987,6729,2932,low
4988,9961,6957,low
4989,13136,5366,low
4990,4819,5554,medium
4991,8655,9608,low
4992,3184,2570,low
4993,10480,12668,medium
4994,8343,2281,low
4995,12003,9030,low
4996,2527,2016,low
4997,2916,11562,low
4998,11900,12274,low
4999,5574,5991,low
5000,5319,9606,low
5001,3406,6449,low
5002,3241,3790,medium
5003,7206,5070,medium
5004,9249,10138,low
5005,5133,1879,low
5006,2798,10175,low
5007,3523,8170,low
5008,9209,10766,low
5009,14299,1300,medium
5010,6928,9938,low
5011,4888,13651,low
5012,4690,11429,low
5013,6091,5767,medium
5014,9282,3995,low
5015,11433,13526,medium
5016,8249,3757,low
5017,2690,7058,medium
5018,10719,12569,medium
5019,3495,1481,low
5020,14017,11168,low
5021,13085,2588,low
5022,2892,3452,low
5023,10578,9703,medium
5024,11441,12156,medium
5025,12720,11442,medium
5026,7873,2626,medium
5027,6503,5312,low
5028,13720,8563,low
5029,2897,4361,medium
5030,2710,6403,low
5031,5695,3091,medium
5032,4686,10165,low
5033,9188,11213,low
5034,7778,9857,high
5035,9768,3822,low
5036,7013,6937,high
5037,6512,9301,high
5038,2415,10875,medium
5039,11663,11223,medium
5040,6180,3361,low
5041,6262,13342,medium
5042,12623,2155,low
5043,4515,2255,low
5044,11287,8737,medium
5045,11001,9951,low
5046,13236,13859,low
5047,7640,6727,low
5048,8616,5138,low
5049,2992,11924,medium
5050,11473,10143,low
5051,6370,10810,high
5052,3773,3067,medium
5053,5561,10684,medium
5054,5816,13700,low
5055,8633,3623,medium
5056,3756,5664,low
5057,4373,11032,medium
5058,4576,7581,low
5059,11083,5407,medium
5060,6184,10180,high
5061,10899,10265,low
5062,4397,5462,low
5063,14674,11119,medium
5064,12326,7650,low
5065,12546,2266,medium
5066,7969,4049,low
5067,6535,2809,low
5068,8883,13367,high
5069,10127,11096,medium
5070,11168,10134,medium
5071,2734,13485,low
5072,12660,2476,medium
5073,12732,12665,low
5074,2632,7680,medium
5075,6268,2990,medium
5076,6099,9417,low
5077,4901,12495,low
5078,3663,4881,low
5079,12207,12519,medium
5080,7591,6487,low
5081,13373,7925,medium
5082,14255,13357,low
5083,12822,4119,medium
5084,5872,11579,medium
5085,3054,6560,low
5086,10572,9189,low
5087,5082,4476,low
5088,12583,1204,medium
5089,10007,5952,medium
5090,11784,13349,low
5091,6261,6594,medium
5092,12939,12819,low
5093,4389,4181,low
5094,5553,4638,high
5095,7138,2416,low
5096,13219,10066,low
5097,11399,8001,low
5098,14045,2345,low
5099,2544,5154,low
5100,13273,6913,low
5101,5663,8611,medium
5102,4239,8490,low
5103,12559,10128,low
5104,5773,13730,low
5105,4627,3590,low
5106,8618,1870,medium
5107,14123,2428,high
5108,8780,2136,low
5109,12666,6680,medium
5110,10015,8783,low
5111,5130,2343,low
5112,13699,8876,low
5113,2096,13515,low
5114,5858,13839,low
5115,4708,10263,medium
5116,7397,1331,low
5117,13528,13132,high
5118,8152,6038,low
5119,2456,5815,low
5120,7914,10817,medium
5121,6368,12954,low
5122,13179,8955,low
5123,6088,5827,medium
5124,14076,1786,high
5125,11223,2029,medium
5126,10399,10500,medium
5127,3937,7155,medium
5128,3146,2377,high
5129,7152,10441,low
5130,6299,10601,low
5131,10118,11315,low
5132,12756,5931,low
5133,10634,9889,medium
5134,9759,2978,medium
5135,9953,13555,low
5136,6784,11202,low
5137,11024,600,medium
5138,3461,3587,low
5139,13708,6328,medium
5140,3159,7925,low
5141,2386,10611,low
5142,12233,2791,low
5143,9192,5967,low
5144,12745,12012,medium
5145,11910,8796,high
5146,6775,1193,medium
5147,14242,6286,low
5148,5409,5906,low
5149,2689,11932,medium
5150,9028,3991,medium
5151,9262,13858,low
5152,7664,13854,low
5153,8766,3892,medium
5154,11361,13605,low
5155,2952,2768,low
5156,8142,6132,low
5157,7967,4283,low
5158,14782,12204,medium
5159,9205,9581,high
5160,13688,6473,low
5161,14109,6469,low
5162,4484,9481,low
5163,3854,5148,low
5164,13631,5439,low
5165,5231,9350,medium
5166,4597,8524,low
5167,9829,8357,low
5168,10186,1518,low
5169,5983,2453,low
5170,8963,9882,low
5171,8684,12398,low
5172,12383,4157,high
5173,12827,5346,low
5174,2656,2796,low
5175,14004,1274,medium
5176,9743,3311,high
5177,13532,10072,low
5178,14103,3682,medium
5179,8839,13479,low
5180,11988,8367,low
5181,14555,13506,low
5182,8312,4829,medium
5183,9938,6667,medium
5184,11954,3597,low
5185,8176,1904,low
5186,14664,12493,medium
5187,5285,5601,low
5188,11777,1869,low
5189,7559,5997,medium
5190,5563,7165,medium
5191,12632,2564,medium
5192,6584,10984,medium
5193,6817,3265,low
5194,7041,3317,medium
5195,13292,8291,medium
5196,8182,1216,low
5197,10026,4540,low
5198,5244,2211,low
5199,3040,9917,low
5200,13319,5867,medium
5201,4273,6761,medium
5202,5629,508,low
5203,4114,9289,low
5204,9364,4618,high
5205,3677,6586,low
5206,5094,6883,low
5207,11190,10300,low
5208,7873,11723,low
5209,4284,13892,low
5210,7052,4167,low
5211,9062,2746,low
5212,3589,4126,low
5213,11353,12763,low
5214,4520,3322,low
5215,14047,8783,medium
5216,6648,1350,medium
5217,7729,1607,low
5218,2694,799,low
5219,9807,8602,medium
5220,14604,11035,low
5221,13990,10169,low
5222,5683,5900,medium
5223,8704,13788,medium
5224,9368,1582,medium
5225,3971,11648,low
5226,11695,11610,medium
5227,10055,8667,low
5228,13441,10057,medium
5229,6218,3300,low
5230,13434,12228,low
5231,3868,4451,medium
5232,3671,10801,low
5233,11274,9467,low
5234,3728,7268,high
5235,9632,1952,low
5236,14043,2181,low
5237,8403,2803,low
5238,8092,7657,medium
5239,4142,2351,medium
5240,11340,2397,low
5241,8184,6325,medium
5242,8010,12110,low
5243,2253,12289,medium
5244,6102,10019,low
5245,5542,9306,low
5246,4775,744,high
5247,9678,9448,low
5248,8212,9515,low
5249,6637,11519,low
5250,13525,4307,high
5251,14376,3279,low
5252,8034,2346,low
5253,13471,7521,low
5254,14500,9932,low
5255,13073,13303,low
5256,10457,973,medium
5257,12532,4631,high
5258,8476,11941,low
5259,5148,2292,low
5260,5359,2234,low
5261,3004,13617,low
5262,12286,7715,medium
5263,6717,7729,low
5264,5271,5688,low
5265,14714,12634,medium
5266,2209,5781,low
5267,11079,6358,medium
5268,7539,1444,low
5269,2153,2011,medium
5270,5593,4581,high
5271,10606,13218,medium
5272,13616,6618,high
5273,3284,1358,low
5274,5148,4060,low
5275,2768,8921,medium
5276,11174,11109,low
5277,7607,8869,low
5278,5202,12620,low
5279,14866,3115,low
5280,13718,2113,low
5281,4787,3340,low
5282,4210,11639,medium
5283,11230,2274,low
5284,9399,13762,low
5285,8338,4371,low
5286,14124,8773,low
5287,10733,1345,medium
5288,2358,11501,low
5289,2849,9908,low
5290,9498,13405,medium
5291,6522,3760,low
5292,4544,3645,low
5293,14773,8302,low
5294,3831,2763,high
5295,3472,11029,low
5296,11628,9136,low
5297,2329,8655,low
5298,7851,1422,low
5299,9032,7195,low
5300,7266,4788,low
5301,6354,6258,low
5302,8435,13076,high
5303,9978,8631,medium
5304,6238,3130,low
5305,8112,8316,medium
5306,14200,9859,low
5307,6722,8056,low
5308,3388,12655,medium
5309,6185,6430,medium
5310,10911,12133,medium
5311,5235,7500,low
5312,6576,4012,high
5313,12323,6566,low
5314,3100,9587,medium
5315,10864,13707,high
5316,10708,4222,low
5317,4532,6148,medium
5318,9770,2560,low
5319,5670,3534,low
5320,2781,2887,low
5321,5523,7508,low
5322,13750,10589,high
5323,8131,8531,medium
5324,12578,2299,low
5325,6782,4907,medium
5326,11781,3280,high
5327,6995,1627,low
5328,3501,9030,high
5329,13986,7865,low
5330,14510,8111,medium
5331,5080,13146,low
5332,11268,8035,low
5333,11292,9864,low
5334,2502,3308,medium
5335,11531,13555,low
5336,5885,11721,low
5337,10009,10781,low
5338,2623,4797,high
5339,12078,11709,low
5340,13542,5059,low
5341,3050,948,low
5342,9385,5508,low
5343,8081,5393,medium
5344,7484,1293,medium
5345,5772,936,low
5346,5916,6512,low
5347,6018,6369,medium
5348,3329,13318,low
5349,6114,13352,medium
5350,5367,2120,medium
5351,10095,12193,medium
5352,7141,11611,low
5353,5951,4808,low
5354,7084,1448,high
5355,12689,4444,low
5356,3573,9819,medium
5357,4634,691,low
5358,4768,12704,medium
5359,7302,12452,low
5360,8250,12422,low
5361,3211,1903,low
5362,10967,2490,medium
5363,7955,1604,medium
5364,3160,13492,low
5365,7977,1048,low
5366,9041,12140,medium
5367,4383,10553,low
5368,12846,12941,low
5369,7876,6261,low
5370,5540,9262,low
5371,14889,8403,low
5372,6635,2284,low
5373,3095,10979,low
5374,7901,11113,low
5375,10215,12664,low
5376,14911,1304,low
5377,13748,9490,low
5378,3079,11967,medium
5379,14510,9302,low
5380,10370,8017,low
5381,4847,7331,low
5382,3960,7417,low
5383,3473,10498,low
5384,6888,4738,low
5385,6979,3760,medium
5386,3212,4867,low
5387,7697,6151,high
5388,11001,3871,low
5389,2419,11165,low
5390,5659,2593,low
5391,7283,10834,low
5392,14008,4501,low
5393,11470,7056,medium
5394,12715,8310,low
5395,11632,11772,high
5396,3340,5054,medium
5397,12413,10124,low
5398,12584,3017,low
5399,7137,11549,low
5400,7189,9197,low
5401,3361,6305,low
5402,2591,1596,low
5403,2526,12871,low
5404,9855,12846,low
5405,12695,9736,high
5406,3292,7561,medium
5407,3654,2704,high
5408,2187,4402,low
5409,4758,1852,low
5410,10720,2096,low
5411,10625,9267,low
5412,8431,7480,low
5413,8037,1179,medium
5414,13704,12990,medium
5415,11996,4212,low
5416,10494,12520,low
5417,6182,9821,low
5418,8973,12596,low
5419,2437,11885,low
5420,12780,9009,low
5421,2832,5801,low
5422,10988,6234,high
5423,10751,8481,low
5424,13780,6392,medium
5425,10953,4196,low
5426,7794,13193,low
5427,5574,7629,low
5428,5785,3496,low
5429,12706,7737,low
5430,7220,7827,medium
5431,9750,7907,medium
5432,8818,12286,low
5433,2684,11901,low
5434,6233,3042,high
5435,2577,1178,low
5436,14997,5866,low
5437,10007,10581,low
5438,2227,6143,medium
5439,4328,7910,high
5440,4731,10335,low
5441,11019,6041,medium
5442,2430,1334,medium
5443,11255,10933,low
5444,3709,11047,low
5445,7782,10360,low
5446,3234,6526,high
5447,10493,11245,low
5448,7205,8972,medium
5449,3420,8470,low
5450,14820,7318,medium
5451,2768,5528,low
5452,8034,11454,low
5453,11596,5203,medium
5454,10635,13270,medium
5455,5104,9938,medium
5456,6355,2272,low
5457,5305,2664,medium
5458,3538,7611,low
5459,14122,8883,low
5460,3331,3335,low
5461,10168,3165,low
5462,8939,6613,low
5463,10261,3063,high
5464,7558,8998,low
5465,7944,8631,medium
5466,13627,9223,low
5467,9126,12909,low
5468,2480,3196,low
5469,7263,5187,high
5470,6094,7821,medium
5471,8167,7513,high
5472,13688,8204,high
5473,4793,6071,low
5474,4892,7836,low
5475,3198,558,medium
5476,10011,10265,low
5477,4372,1640,low
5478,3892,10502,low
5479,7790,11890,low
5480,3883,12168,low
5481,7467,13186,low
5482,2797,3062,low
5483,10209,3352,low
5484,10235,7141,low
5485,2154,1441,low
5486,6962,13315,medium
5487,13640,7041,low
5488,6080,10466,low
5489,10050,7930,medium
5490,7947,1921,low
5491,11617,6265,low
5492,6320,935,medium
5493,14504,1339,low
5494,13831,4501,medium
5495,14318,13147,medium
5496,3892,5748,medium
5497,11089,5459,low
5498,5424,11373,low
5499,14732,2150,low
5500,11450,6328,low
5501,4015,9937,low
5502,8673,2761,low
5503,8032,9607,low
5504,6833,11331,low
5505,11894,6394,low
5506,11065,6778,low
5507,2565,4389,medium
5508,9412,7397,low
5509,4018,13173,low
5510,12077,1826,high
5511,12315,6401,low
5512,14834,3858,low
5513,4314,2085,low
5514,6412,12060,medium
5515,5883,6145,low
5516,13384,888,low
5517,12051,3291,low
5518,10216,3832,medium
5519,13695,1203,low
5520,14447,6334,low
5521,8739,3320,medium
5522,11329,8553,low
5523,9902,5459,medium
5524,3189,1559,low
5525,9156,12866,medium
5526,14990,9990,low
5527,9342,1801,medium
5528,14288,9365,high
5529,8884,11051,low
5530,5157,8196,low
5531,12559,4799,low
5532,7520,13772,low
5533,14669,6571,low
5534,3741,4612,low
5535,5688,8381,low
5536,9485,13263,low
5537,7369,12274,low
5538,7644,9708,medium
5539,13938,8901,low
5540,11089,998,low
5541,6023,9120,low
5542,2716,7745,low
5543,5967,12331,low
5544,9423,11843,low
5545,8450,2605,low
5546,14213,10245,medium
5547,5215,5827,low
5548,9825,6130,medium
5549,2390,3706,medium
5550,14076,7637,medium
5551,11891,3069,high
5552,5037,3128,low
5553,2232,10568,low
5554,12118,13686,medium
5555,5131,13894,low
5556,9634,7264,low
5557,13498,1567,medium
5558,12916,2006,medium
5559,14993,3513,high
5560,2233,10359,high
5561,3391,13280,medium
5562,13084,7142,low
5563,11447,13392,medium
5564,12730,4566,low
5565,13882,1447,low
5566,2889,4889,medium
5567,9902,8643,low
5568,14879,1671,low
5569,2745,6614,low
5570,11911,671,medium
5571,2427,6182,low
5572,2731,13318,medium
5573,2799,9835,low
5574,8507,10551,medium
5575,14489,6356,medium
5576,9025,6709,low
5577,11027,10880,low
5578,9624,11185,low
5579,10326,4077,high
5580,7383,8880,medium
5581,8207,4576,high
5582,4538,657,low
5583,5718,8277,medium
5584,10232,3217,medium
5585,5367,10662,medium
5586,7008,8937,high
5587,7229,11595,low
5588,9388,3295,low
5589,4415,7700,medium
5590,9171,8028,medium
5591,12232,12516,low
5592,14531,2877,low
5593,4949,9541,low
5594,6261,2310,low
5595,7145,5690,low
5596,5466,5932,medium
5597,5088,12678,medium
5598,3115,8395,low
5599,6578,2626,low
5600,4590,12956,low
5601,9372,7453,low
5602,5573,3530,medium
5603,4978,6823,high
5604,12639,6247,low
5605,11422,10999,medium
5606,12858,6105,medium
5607,9313,6391,medium
5608,9022,3576,low
5609,6975,2844,high
5610,6925,1119,low
5611,10047,11594,low
5612,10090,2907,low
5613,14450,6760,low
5614,10051,13144,low
5615,7292,3504,low
5616,8645,4414,low
5617,12786,11178,medium
5618,7403,12094,medium
5619,5430,4096,low
5620,13109,10369,medium
5621,13144,13999,medium
5622,3995,4539,medium
5623,8030,1804,low
5624,5891,6130,medium
5625,9145,12785,high
5626,10498,7782,medium
5627,11554,10655,low
5628,4102,3807,low
5629,5030,1861,medium
5630,10524,7165,low
5631,10107,4794,low
5632,12944,2287,low
5633,2242,1573,medium
5634,3884,9857,medium
5635,10015,6402,low
5636,11624,4099,high
5637,12742,11409,low
5638,8747,11845,medium
5639,10494,12818,medium
5640,6330,3555,medium
5641,9863,6976,high
5642,5109,1159,low
5643,4186,6820,medium
5644,14482,7013,low
5645,3550,5142,medium
5646,11984,11274,medium
5647,2646,9821,medium
5648,8144,6873,low
5649,6656,10966,medium
5650,10904,4966,low
5651,14700,13911,low
5652,2537,10160,medium
5653,8572,6087,low
5654,2234,10794,medium
5655,12588,11958,low
5656,11696,2971,low
5657,8539,9843,medium
5658,3374,6675,low
5659,14703,8784,low
5660,3909,11258,medium
5661,11107,1781,low
5662,14150,11592,medium
5663,9218,11491,low
5664,2080,3677,medium
5665,4083,6167,medium
5666,12880,5011,medium
5667,3690,11296,low
5668,2756,4381,medium
5669,4670,2913,medium
5670,5751,2044,medium
5671,13744,12222,low
5672,10659,11338,medium
5673,7261,5284,medium
5674,8852,6261,low
5675,3494,8374,low
5676,7740,10750,medium
5677,11211,7461,low
5678,10055,6126,high
5679,2901,5014,medium
5680,2672,1645,medium
5681,10630,9602,low
5682,14414,11998,low
5683,12268,5950,high
5684,2444,2066,low
5685,11157,11087,medium
5686,13982,3505,low
5687,10655,5007,low
5688,4198,4748,low
5689,4287,8783,low
5690,13957,4492,high
5691,13368,9022,low
5692,6008,8527,low
5693,13696,6260,low
5694,11104,9646,low
5695,2496,12472,low
5696,3463,11293,medium
5697,8828,8545,low
5698,6253,3477,low
5699,14459,5847,low
5700,2493,4789,high
5701,7065,1029,low
5702,7430,3392,low
5703,3426,9958,medium
5704,11884,7943,low
5705,3793,10165,low
5706,4723,5234,low
5707,2658,10289,medium
5708,6761,3025,low
5709,9630,13485,medium
5710,14654,4261,medium
5711,10741,6641,low
5712,10834,3242,low
5713,6350,5135,low
5714,2207,4925,medium
5715,12689,9161,low
5716,6190,4330,low
5717,3883,7492,low
5718,4886,1033,high
5719,2477,5062,low
5720,10953,7620,high
5721,10381,12747,low
5722,8854,7063,low
5723,2755,12371,low
5724,11638,7789,low
5725,6931,4587,low
5726,11855,9453,low
5727,7724,13793,high
5728,12027,9582,medium
5729,14420,2855,medium
5730,6150,2455,low
5731,6060,3471,low
5732,14797,13741,low
5733,6765,6039,medium
5734,5612,7993,high
5735,8553,2172,low
5736,9378,3336,low
5737,3689,5427,low
5738,3316,5439,low
5739,9130,4144,low
5740,5186,2797,medium
5741,14212,4561,medium
5742,7789,3666,low
5743,14546,10011,low
5744,3145,683,high
5745,6394,9975,low
5746,9942,3346,low
5747,9548,10925,low
5748,2560,12780,low
5749,3912,10124,low
5750,3864,11832,medium
5751,2296,10488,low
5752,4409,5222,low
5753,12828,10747,medium
5754,9630,12028,low
5755,3461,1282,medium
5756,6292,2007,medium
5757,4268,13562,low
5758,2994,6355,medium
5759,8554,13794,low
5760,2007,8038,high
5761,12783,12546,low
5762,4515,1176,high
5763,14607,7750,medium
5764,3417,10522,low
5765,4316,8313,low
5766,9358,4590,high
5767,5932,12998,medium
5768,8204,6223,low
5769,3287,10052,medium
5770,13036,13277,low
5771,3118,3186,low
5772,10744,8882,low
5773,9637,9534,low
5774,2660,9026,medium
5775,10907,8189,low
5776,8922,1610,medium
5777,13777,1078,low
5778,13953,561,low
5779,10104,886,low
5780,8337,9861,low
5781,4529,2700,low
5782,5970,13406,low
5783,5407,2183,low
5784,11650,6821,low
5785,13459,8556,low
5786,11046,9178,low
5787,9416,12424,medium
5788,6760,7914,high
5789,13729,7143,low
5790,3897,9232,low
5791,8364,6131,low
5792,10464,8445,high
5793,6087,10752,low
5794,11464,8226,low
5795,6374,12938,low
5796,9607,5669,low
5797,6019,9930,low
5798,2815,9682,medium
5799,14563,7287,low
5800,9255,4967,medium
5801,2922,5732,low
5802,14929,10991,low
5803,14792,8630,high
5804,6867,6696,low
5805,3264,13941,medium
5806,5724,4407,low
5807,12979,4788,low
5808,4722,7234,high
5809,7355,1580,low
5810,14415,6740,medium
5811,4550,697,low
5812,7319,8314,medium
5813,13141,10886,low
5814,8686,8351,low
5815,3673,10290,medium
5816,6587,2100,high
5817,13284,7962,high
5818,7353,7366,medium
5819,8857,4192,medium
5820,13030,12557,low
5821,3666,9375,low
5822,6511,3583,low
5823,12387,4489,low
5824,8172,832,low
5825,3384,10463,low
5826,6403,6606,low
5827,5954,7833,medium
5828,8305,7155,low
5829,13091,5808,low
5830,10252,13931,low
5831,9238,4700,medium
5832,8981,3221,medium
5833,8026,9498,medium
5834,14139,1564,low
5835,8609,9580,low
5836,12482,11615,low
5837,10664,7320,low
5838,2958,9012,low
5839,10724,4457,low
5840,2493,2882,low
5841,9042,3731,high
5842,2081,11003,high
5843,8999,7508,low
5844,4970,12293,low
5845,2011,2000,low
5846,9824,2068,low
5847,14736,6392,high
5848,2761,3781,low
5849,5185,10211,medium
5850,2025,10610,low
5851,3806,4589,high
5852,8651,2365,low
5853,7664,10097,medium
5854,14349,11415,low
5855,14516,6100,medium
5856,14894,6555,low
5857,7154,504,low
5858,7824,8459,high
5859,5659,1668,high
5860,3525,2898,medium
5861,2760,3130,medium
5862,2594,7108,medium
5863,9192,847,low
5864,3055,6361,low
5865,12046,12912,low
5866,5083,10505,medium
5867,14108,3842,low
5868,5675,7000,low
5869,12240,3074,low
5870,11650,4325,medium
5871,7957,5093,low
5872,7255,5772,low
5873,11411,8744,low
5874,6228,648,low
5875,6181,9194,low
5876,11691,1369,medium
5877,3830,4021,medium
5878,5395,13006,medium
5879,3203,4371,low
5880,14462,1800,medium
5881,4810,11191,low
5882,5092,8095,low
5883,5044,12725,medium
5884,8071,11981,low
5885,9272,5333,low
5886,6673,12545,medium
5887,5514,7170,low
5888,11990,2951,medium
5889,8192,4885,low
5890,12767,9030,medium
5891,2144,3324,low
5892,9507,7354,low
5893,6857,10385,medium
5894,14118,6464,low
5895,3377,1486,low
5896,5146,13746,low
5897,12017,8671,low
5898,7024,3990,low
5899,2793,8576,low
5900,11793,11425,high
5901,7756,4267,low
5902,6414,12768,low
5903,3110,2506,low
5904,7672,8425,low
5905,6053,3607,high
5906,14985,4968,low
5907,5937,3830,high
5908,5963,11733,low
5909,6942,9222,medium
5910,7897,1423,low
5911,10974,12810,medium
5912,3116,6747,low
5913,3750,8932,low
5914,12768,13792,low
5915,6027,2396,low
5916,13528,8383,high
5917,7745,3824,low
5918,14579,13953,low
5919,7064,1313,medium
5920,11679,5250,low
5921,14067,8118,high
5922,13823,1282,medium
5923,7938,4555,low
5924,14384,8289,medium
5925,14150,8699,low
5926,5397,12465,low
5927,10265,13362,low
5928,3359,3639,low
5929,11283,12481,medium
5930,6853,5507,high
5931,3941,4551,low
5932,5148,8075,low
5933,14495,9209,high
5934,9933,3690,low
5935,11436,11794,low
5936,3285,6137,low
5937,14697,13270,high
5938,8474,11408,low
5939,13228,1078,medium
5940,2770,8638,medium
5941,3843,4982,low
5942,2073,13199,low
5943,3660,2365,medium
5944,6349,5989,low
5945,9102,1876,medium
5946,10000,11630,high
5947,11011,9597,medium
5948,5818,5908,medium
5949,2331,8663,medium
5950,3421,5558,medium
5951,9512,9656,low
5952,13847,6783,low
5953,8890,2476,low
5954,6931,6943,medium
5955,11883,13824,low
5956,14742,5259,medium
5957,8025,8095,low
5958,6408,5420,medium
5959,7113,2387,low
5960,10419,11139,medium
5961,4881,1491,low
5962,4865,5728,low
5963,4575,12248,low
5964,14714,12651,medium
5965,8185,8546,low
5966,10656,6950,low
5967,7741,4104,high
5968,2277,1583,medium
5969,14306,9126,high
5970,2065,520,low
5971,6262,11614,low
5972,7704,10617,medium
5973,10594,10164,low
5974,14175,1599,medium
5975,9989,7341,low
5976,14696,3137,low
5977,8255,9081,low
5978,9441,8244,low
5979,13670,3913,low
5980,13636,7957,low
5981,6692,11307,high
5982,6419,1854,low
5983,9960,6902,medium
5984,8078,5021,medium
5985,13231,5625,low
5986,3437,505,low
5987,10620,8882,medium
5988,12874,8839,medium
5989,12969,13192,medium
5990,9032,4853,medium
5991,7731,4050,high
5992,5378,13611,low
5993,10584,8531,low
5994,8347,4605,medium
5995,8401,9802,low
5996,8629,12525,medium
5997,6541,13625,low
5998,9876,5583,low
5999,10533,9316,medium
6000,10324,12817,low
